word,8,9,10,11,12,13,14,15,16,17,18
I,0.06,0.04,0.09,0.08,0.08,0.11,0.14,0.21,0.26,0.24,0.28
TV,0.1,0.16,0.19,0.21,0.27,0.35,0.43,0.6,0.75,0.62,0.62
airplane,0.07,0.1,0.11,0.19,0.22,0.29,0.34,0.43,0.64,0.65,0.7
all,0.03,0.05,0.04,0.09,0.07,0.08,0.1,0.19,0.26,0.21,0.28
all gone,0.28,0.37,0.51,0.64,0.62,0.74,0.75,0.81,0.91,0.89,0.9
animal,0.11,0.07,0.11,0.15,0.16,0.2,0.25,0.35,0.42,0.48,0.52
another,0.02,0.05,0.05,0.06,0.09,0.08,0.12,0.2,0.27,0.24,0.28
apple,0.1,0.14,0.18,0.25,0.25,0.32,0.43,0.55,0.71,0.73,0.82
arm,0.08,0.09,0.13,0.16,0.17,0.22,0.28,0.39,0.55,0.57,0.67
asleep,0.05,0.11,0.11,0.1,0.13,0.18,0.19,0.33,0.45,0.46,0.49
aunt,0.11,0.14,0.18,0.2,0.19,0.19,0.24,0.31,0.29,0.35,0.37
away,0.04,0.05,0.07,0.07,0.08,0.11,0.1,0.2,0.22,0.23,0.3
baa baa,0.33,0.32,0.44,0.42,0.44,0.48,0.54,0.55,0.68,0.72,0.74
baby,0.26,0.34,0.38,0.47,0.51,0.61,0.6,0.77,0.84,0.79,0.84
babysitter,0.03,0.07,0.06,0.06,0.09,0.08,0.09,0.14,0.12,0.09,0.11
babysitter's name,0.06,0.17,0.16,0.13,0.19,0.18,0.22,0.3,0.43,0.29,0.27
back,0.04,0.05,0.09,0.09,0.11,0.11,0.14,0.25,0.32,0.31,0.41
backyard,0.05,0.09,0.08,0.1,0.13,0.22,0.23,0.33,0.43,0.34,0.37
bad,0.09,0.09,0.15,0.17,0.16,0.27,0.25,0.39,0.41,0.35,0.36
ball,0.35,0.41,0.51,0.72,0.77,0.85,0.85,0.9,0.97,0.95,0.97
balloon,0.11,0.18,0.17,0.27,0.36,0.47,0.49,0.64,0.81,0.69,0.75
banana,0.15,0.26,0.35,0.52,0.51,0.6,0.64,0.77,0.89,0.87,0.89
bath,0.36,0.51,0.53,0.66,0.7,0.74,0.77,0.84,0.97,0.9,0.94
bathroom,0.07,0.12,0.14,0.22,0.25,0.31,0.42,0.6,0.72,0.65,0.73
bathtub,0.16,0.25,0.29,0.4,0.43,0.52,0.57,0.7,0.83,0.78,0.82
beach,0.03,0.06,0.04,0.07,0.07,0.07,0.1,0.18,0.15,0.18,0.22
beads,0.05,0.05,0.06,0.05,0.07,0.07,0.08,0.14,0.15,0.11,0.13
bear,0.08,0.11,0.16,0.24,0.24,0.29,0.36,0.49,0.64,0.62,0.73
bed,0.13,0.24,0.3,0.37,0.38,0.5,0.58,0.67,0.78,0.77,0.82
bedroom,0.05,0.11,0.11,0.16,0.19,0.21,0.35,0.51,0.59,0.57,0.64
bee,0.08,0.07,0.07,0.12,0.14,0.16,0.15,0.3,0.37,0.48,0.56
belly button,0.07,0.11,0.15,0.21,0.25,0.33,0.45,0.53,0.75,0.77,0.78
bib,0.11,0.18,0.17,0.27,0.26,0.28,0.35,0.47,0.62,0.56,0.61
bicycle,0.05,0.08,0.07,0.11,0.15,0.2,0.25,0.34,0.43,0.52,0.61
big,0.05,0.08,0.11,0.13,0.11,0.16,0.21,0.31,0.39,0.36,0.42
bird,0.13,0.14,0.21,0.32,0.34,0.45,0.49,0.65,0.82,0.75,0.83
bite,0.09,0.19,0.3,0.32,0.31,0.41,0.46,0.59,0.72,0.68,0.68
blanket,0.13,0.24,0.25,0.29,0.32,0.43,0.52,0.59,0.74,0.71,0.76
block,0.13,0.14,0.18,0.28,0.32,0.41,0.38,0.57,0.66,0.7,0.76
blow,0.03,0.08,0.07,0.13,0.19,0.24,0.37,0.44,0.66,0.62,0.69
blue,0.03,0.03,0.04,0.05,0.06,0.07,0.07,0.14,0.15,0.21,0.32
book,0.3,0.4,0.45,0.68,0.7,0.77,0.77,0.87,0.95,0.91,0.96
boots,0.04,0.06,0.05,0.08,0.1,0.11,0.14,0.23,0.27,0.51,0.62
bottle,0.37,0.47,0.58,0.57,0.57,0.67,0.65,0.74,0.77,0.73,0.77
bowl,0.05,0.07,0.1,0.15,0.17,0.25,0.28,0.4,0.58,0.59,0.68
box,0.06,0.08,0.06,0.13,0.14,0.19,0.22,0.38,0.49,0.51,0.57
boy,0.04,0.08,0.04,0.07,0.08,0.12,0.16,0.27,0.33,0.21,0.29
bread,0.07,0.1,0.12,0.24,0.25,0.27,0.39,0.5,0.61,0.61,0.68
break,0.03,0.04,0.03,0.05,0.05,0.06,0.1,0.18,0.21,0.22,0.25
breakfast,0.11,0.23,0.25,0.31,0.35,0.42,0.46,0.56,0.72,0.72,0.74
bring,0.04,0.06,0.1,0.22,0.26,0.35,0.44,0.58,0.76,0.66,0.75
broken,0.03,0.03,0.04,0.05,0.06,0.08,0.13,0.19,0.23,0.26,0.34
broom,0.04,0.05,0.08,0.07,0.11,0.17,0.22,0.36,0.48,0.49,0.52
brother,0.19,0.26,0.22,0.24,0.26,0.28,0.31,0.33,0.22,0.3,0.26
brush,0.08,0.09,0.14,0.2,0.25,0.35,0.48,0.56,0.78,0.69,0.72
bubbles,0.12,0.11,0.13,0.25,0.28,0.36,0.43,0.52,0.69,0.72,0.77
bug,0.08,0.07,0.08,0.09,0.11,0.18,0.23,0.32,0.38,0.41,0.49
bump,0.03,0.09,0.07,0.07,0.08,0.11,0.15,0.27,0.32,0.29,0.39
bunny,0.1,0.12,0.15,0.24,0.29,0.32,0.34,0.51,0.66,0.64,0.69
bus,0.07,0.06,0.07,0.15,0.17,0.19,0.21,0.37,0.4,0.56,0.62
butter,0.04,0.05,0.04,0.05,0.06,0.07,0.09,0.19,0.16,0.18,0.25
butterfly,0.08,0.06,0.07,0.08,0.12,0.14,0.18,0.31,0.36,0.44,0.52
button,0.06,0.07,0.07,0.12,0.15,0.17,0.2,0.28,0.53,0.41,0.46
bye,0.37,0.61,0.7,0.79,0.83,0.86,0.85,0.87,0.98,0.96,0.96
cake,0.06,0.07,0.08,0.08,0.11,0.15,0.18,0.23,0.26,0.32,0.34
candy,0.07,0.07,0.08,0.06,0.07,0.13,0.18,0.26,0.28,0.28,0.28
car,0.25,0.26,0.34,0.46,0.52,0.64,0.72,0.78,0.91,0.86,0.91
careful,0.07,0.12,0.17,0.26,0.31,0.32,0.4,0.47,0.67,0.58,0.67
carrots,0.06,0.1,0.11,0.18,0.17,0.21,0.25,0.39,0.45,0.45,0.52
cat,0.22,0.31,0.35,0.39,0.49,0.53,0.63,0.67,0.84,0.8,0.86
cereal,0.08,0.16,0.18,0.17,0.23,0.29,0.37,0.47,0.63,0.51,0.53
chair,0.06,0.1,0.1,0.17,0.21,0.32,0.41,0.58,0.77,0.72,0.78
cheek,0.05,0.08,0.08,0.1,0.1,0.13,0.15,0.3,0.31,0.42,0.46
cheerios,0.11,0.2,0.26,0.38,0.4,0.45,0.53,0.58,0.7,0.63,0.62
cheese,0.06,0.11,0.14,0.28,0.34,0.42,0.46,0.67,0.72,0.73,0.8
chicken (animal),0.07,0.07,0.1,0.12,0.16,0.21,0.22,0.4,0.47,0.51,0.58
chicken (food),0.09,0.09,0.09,0.17,0.18,0.23,0.27,0.39,0.39,0.44,0.5
child,0.04,0.06,0.06,0.07,0.07,0.08,0.09,0.13,0.12,0.14,0.19
child's own name,0.67,0.74,0.7,0.79,0.81,0.84,0.81,0.84,0.93,0.91,0.94
choo choo,0.15,0.12,0.17,0.19,0.24,0.31,0.27,0.47,0.57,0.59,0.63
church*,0.05,0.06,0.07,0.07,0.08,0.11,0.11,0.18,0.16,0.15,0.13
clean (action),0.05,0.08,0.07,0.12,0.15,0.17,0.26,0.38,0.52,0.56,0.72
clean (description),0.04,0.07,0.06,0.09,0.1,0.11,0.17,0.23,0.4,0.36,0.48
clock,0.05,0.05,0.06,0.08,0.1,0.13,0.13,0.24,0.35,0.28,0.34
close,0.03,0.04,0.07,0.16,0.21,0.3,0.38,0.5,0.71,0.58,0.66
coat,0.05,0.06,0.08,0.11,0.14,0.18,0.27,0.37,0.45,0.57,0.69
cockadoodledoo,0.11,0.07,0.11,0.1,0.14,0.18,0.19,0.31,0.44,0.44,0.49
coffee,0.04,0.05,0.05,0.07,0.09,0.09,0.13,0.21,0.22,0.3,0.36
cold,0.08,0.07,0.08,0.12,0.12,0.16,0.27,0.4,0.52,0.49,0.57
comb,0.05,0.05,0.11,0.11,0.14,0.21,0.25,0.31,0.52,0.42,0.43
cookie,0.11,0.17,0.27,0.24,0.26,0.39,0.46,0.62,0.8,0.63,0.66
couch,0.06,0.09,0.11,0.15,0.18,0.24,0.34,0.42,0.54,0.6,0.69
cow,0.08,0.1,0.13,0.23,0.25,0.32,0.35,0.51,0.69,0.71,0.76
cracker,0.14,0.2,0.24,0.27,0.32,0.41,0.49,0.63,0.81,0.69,0.73
crib,0.12,0.2,0.22,0.3,0.29,0.33,0.4,0.52,0.58,0.59,0.59
cry,0.09,0.15,0.17,0.18,0.2,0.27,0.36,0.44,0.54,0.52,0.58
cup,0.12,0.18,0.32,0.42,0.43,0.53,0.63,0.72,0.86,0.81,0.83
cute,0.05,0.09,0.11,0.09,0.11,0.12,0.1,0.23,0.26,0.22,0.27
daddy*,0.72,0.86,0.87,0.88,0.9,0.93,0.88,0.91,0.98,0.95,0.95
dance,0.07,0.14,0.17,0.36,0.4,0.47,0.54,0.64,0.83,0.77,0.81
dark,0.03,0.05,0.04,0.05,0.06,0.07,0.11,0.16,0.17,0.18,0.25
day,0.05,0.04,0.06,0.07,0.07,0.07,0.1,0.13,0.14,0.13,0.18
deer,0.05,0.06,0.06,0.07,0.08,0.08,0.11,0.22,0.17,0.25,0.31
diaper,0.29,0.4,0.5,0.59,0.6,0.69,0.72,0.81,0.94,0.88,0.93
dinner,0.11,0.18,0.22,0.28,0.29,0.38,0.38,0.5,0.64,0.65,0.73
dirty,0.07,0.09,0.12,0.16,0.15,0.23,0.28,0.42,0.57,0.47,0.6
dish,0.05,0.06,0.06,0.06,0.1,0.12,0.14,0.26,0.33,0.28,0.3
dog,0.33,0.39,0.49,0.64,0.68,0.74,0.77,0.83,0.95,0.92,0.94
doll,0.1,0.12,0.18,0.21,0.22,0.32,0.37,0.51,0.58,0.52,0.57
don't,0.11,0.27,0.35,0.43,0.46,0.5,0.58,0.61,0.81,0.71,0.73
donkey,0.05,0.04,0.06,0.06,0.09,0.08,0.12,0.17,0.16,0.25,0.26
door,0.05,0.08,0.17,0.29,0.32,0.45,0.51,0.65,0.83,0.75,0.8
down,0.11,0.14,0.21,0.3,0.32,0.39,0.49,0.55,0.77,0.69,0.76
draw,0.02,0.04,0.04,0.06,0.07,0.1,0.13,0.25,0.36,0.4,0.52
drawer,0.04,0.04,0.05,0.08,0.11,0.15,0.19,0.26,0.37,0.37,0.43
dress (object),0.06,0.08,0.07,0.08,0.12,0.13,0.19,0.25,0.27,0.27,0.33
drink (action),0.12,0.21,0.3,0.42,0.45,0.52,0.59,0.72,0.86,0.76,0.83
drink (beverage),0.14,0.2,0.29,0.4,0.39,0.48,0.51,0.68,0.82,0.71,0.71
drive,0.03,0.03,0.04,0.08,0.09,0.12,0.17,0.27,0.37,0.33,0.41
dry (description),0.02,0.05,0.04,0.06,0.07,0.06,0.07,0.17,0.24,0.19,0.26
duck,0.09,0.14,0.15,0.28,0.29,0.37,0.4,0.6,0.79,0.72,0.77
ear,0.11,0.11,0.15,0.26,0.25,0.35,0.45,0.59,0.81,0.77,0.84
eat,0.27,0.36,0.45,0.53,0.57,0.62,0.69,0.77,0.88,0.88,0.9
egg,0.06,0.11,0.09,0.14,0.19,0.24,0.27,0.4,0.37,0.5,0.59
elephant,0.08,0.08,0.08,0.15,0.17,0.19,0.21,0.32,0.45,0.53,0.57
empty,0.06,0.07,0.11,0.11,0.13,0.2,0.23,0.33,0.42,0.35,0.49
eye,0.13,0.12,0.21,0.31,0.3,0.44,0.53,0.65,0.86,0.81,0.87
face,0.09,0.1,0.15,0.18,0.17,0.26,0.3,0.4,0.47,0.52,0.58
fall,0.03,0.09,0.11,0.1,0.1,0.17,0.26,0.32,0.48,0.45,0.54
fast,0.03,0.04,0.04,0.07,0.06,0.08,0.09,0.17,0.16,0.24,0.36
feed,0.06,0.09,0.09,0.13,0.11,0.12,0.18,0.28,0.36,0.35,0.38
fine,0.03,0.03,0.03,0.04,0.04,0.04,0.04,0.08,0.05,0.07,0.09
finger,0.11,0.13,0.18,0.22,0.21,0.27,0.34,0.42,0.59,0.61,0.66
finish,0.04,0.06,0.07,0.12,0.15,0.12,0.17,0.2,0.25,0.37,0.42
firetruck,0.06,0.07,0.07,0.11,0.13,0.19,0.19,0.33,0.35,0.42,0.54
fish (animal),0.06,0.12,0.12,0.17,0.22,0.26,0.31,0.53,0.66,0.63,0.73
fish (food),0.05,0.07,0.04,0.07,0.09,0.09,0.13,0.24,0.29,0.27,0.34
flower,0.07,0.09,0.11,0.18,0.2,0.27,0.29,0.49,0.64,0.58,0.67
food,0.18,0.2,0.25,0.35,0.38,0.41,0.45,0.5,0.57,0.66,0.72
foot,0.15,0.14,0.22,0.37,0.37,0.45,0.52,0.62,0.83,0.81,0.85
fork,0.06,0.05,0.07,0.08,0.13,0.17,0.28,0.38,0.54,0.57,0.7
frog,0.06,0.06,0.07,0.09,0.14,0.17,0.22,0.31,0.45,0.48,0.58
garage,0.03,0.04,0.04,0.05,0.06,0.1,0.12,0.2,0.31,0.21,0.23
garden,0.04,0.05,0.04,0.06,0.07,0.07,0.1,0.15,0.16,0.16,0.24
gentle,0.1,0.13,0.13,0.29,0.29,0.31,0.34,0.47,0.58,0.57,0.75
get,0.07,0.05,0.13,0.21,0.25,0.35,0.44,0.59,0.79,0.68,0.74
giraffe,0.07,0.06,0.07,0.11,0.12,0.12,0.15,0.24,0.32,0.39,0.46
girl,0.04,0.07,0.04,0.08,0.07,0.11,0.14,0.21,0.3,0.19,0.25
give,0.05,0.12,0.19,0.37,0.38,0.44,0.55,0.66,0.85,0.73,0.81
glass,0.05,0.04,0.05,0.09,0.11,0.11,0.2,0.24,0.33,0.3,0.39
glasses,0.07,0.12,0.09,0.17,0.19,0.27,0.29,0.4,0.6,0.5,0.52
go,0.06,0.14,0.2,0.25,0.27,0.42,0.51,0.68,0.81,0.71,0.8
good,0.09,0.14,0.24,0.25,0.23,0.32,0.33,0.49,0.63,0.5,0.53
goose,0.05,0.05,0.04,0.07,0.09,0.09,0.09,0.2,0.18,0.27,0.31
grandma*,0.38,0.44,0.52,0.57,0.62,0.65,0.67,0.69,0.78,0.86,0.85
grandpa*,0.29,0.33,0.39,0.46,0.5,0.56,0.56,0.56,0.67,0.76,0.74
grrr,0.18,0.18,0.32,0.28,0.33,0.38,0.45,0.56,0.7,0.65,0.76
hair,0.11,0.14,0.19,0.3,0.3,0.43,0.5,0.62,0.82,0.79,0.84
hammer,0.04,0.04,0.04,0.06,0.08,0.09,0.1,0.18,0.24,0.22,0.23
hand,0.16,0.19,0.2,0.31,0.29,0.36,0.41,0.54,0.73,0.71,0.79
happy,0.12,0.12,0.14,0.15,0.2,0.19,0.25,0.36,0.35,0.42,0.51
hard,0.03,0.03,0.04,0.05,0.05,0.04,0.06,0.13,0.14,0.13,0.13
hat,0.09,0.12,0.17,0.28,0.32,0.36,0.45,0.55,0.77,0.75,0.81
head,0.08,0.08,0.13,0.22,0.27,0.3,0.4,0.5,0.67,0.71,0.78
hello,0.22,0.25,0.35,0.45,0.51,0.55,0.59,0.61,0.76,0.75,0.84
help,0.04,0.05,0.05,0.1,0.12,0.14,0.22,0.38,0.43,0.5,0.61
her,0.04,0.04,0.05,0.06,0.07,0.08,0.1,0.15,0.13,0.17,0.19
hi,0.47,0.53,0.55,0.71,0.76,0.75,0.77,0.81,0.93,0.91,0.93
high chair,0.13,0.18,0.17,0.29,0.31,0.39,0.46,0.57,0.74,0.65,0.7
his,0.03,0.04,0.04,0.07,0.07,0.08,0.09,0.14,0.12,0.17,0.21
hit,0.03,0.07,0.12,0.1,0.13,0.19,0.26,0.4,0.55,0.46,0.52
home,0.1,0.16,0.21,0.26,0.29,0.38,0.36,0.46,0.6,0.62,0.69
horse,0.07,0.07,0.09,0.15,0.18,0.21,0.29,0.43,0.63,0.63,0.63
hot,0.07,0.1,0.16,0.18,0.2,0.35,0.41,0.55,0.78,0.64,0.78
house,0.05,0.1,0.09,0.11,0.14,0.19,0.21,0.4,0.47,0.44,0.51
how,0.03,0.05,0.04,0.05,0.05,0.06,0.07,0.11,0.09,0.14,0.15
hug,0.13,0.2,0.27,0.38,0.42,0.53,0.59,0.71,0.88,0.81,0.89
hungry,0.15,0.19,0.22,0.24,0.28,0.35,0.37,0.49,0.68,0.6,0.68
hurry,0.03,0.04,0.04,0.05,0.06,0.07,0.13,0.2,0.25,0.2,0.24
hurt,0.05,0.06,0.07,0.08,0.09,0.12,0.18,0.24,0.33,0.32,0.43
ice cream,0.09,0.1,0.13,0.12,0.11,0.2,0.24,0.35,0.43,0.37,0.44
in,0.04,0.08,0.07,0.2,0.22,0.27,0.33,0.44,0.59,0.57,0.62
inside,0.04,0.06,0.07,0.16,0.14,0.2,0.25,0.34,0.45,0.48,0.56
it,0.05,0.05,0.05,0.07,0.08,0.11,0.11,0.2,0.23,0.21,0.22
jacket,0.06,0.09,0.1,0.13,0.17,0.18,0.24,0.36,0.45,0.57,0.67
jeans,0.06,0.04,0.04,0.05,0.07,0.07,0.09,0.12,0.13,0.18,0.22
juice,0.11,0.22,0.29,0.23,0.26,0.39,0.43,0.55,0.81,0.51,0.49
jump,0.06,0.07,0.07,0.1,0.1,0.13,0.2,0.31,0.41,0.49,0.56
keys,0.09,0.17,0.26,0.31,0.32,0.43,0.49,0.62,0.83,0.69,0.74
kick,0.05,0.07,0.05,0.09,0.12,0.13,0.2,0.34,0.45,0.46,0.51
kiss,0.22,0.29,0.45,0.55,0.56,0.61,0.66,0.79,0.94,0.86,0.91
kitchen,0.06,0.11,0.15,0.18,0.2,0.25,0.4,0.47,0.64,0.59,0.67
kitty,0.18,0.31,0.3,0.36,0.41,0.49,0.53,0.66,0.82,0.7,0.73
knee,0.05,0.06,0.07,0.08,0.09,0.11,0.15,0.22,0.32,0.41,0.5
lady,0.02,0.03,0.05,0.05,0.05,0.08,0.07,0.17,0.18,0.11,0.16
lamb,0.05,0.08,0.09,0.08,0.11,0.13,0.18,0.27,0.32,0.31,0.39
lamp,0.05,0.06,0.05,0.05,0.08,0.07,0.13,0.21,0.24,0.23,0.26
later,0.03,0.04,0.06,0.06,0.06,0.07,0.08,0.13,0.16,0.21,0.3
leg,0.06,0.07,0.1,0.14,0.13,0.2,0.22,0.34,0.48,0.55,0.6
light,0.06,0.11,0.13,0.2,0.23,0.31,0.35,0.45,0.65,0.6,0.67
lion,0.06,0.07,0.1,0.13,0.14,0.17,0.22,0.33,0.44,0.49,0.56
little (description),0.03,0.05,0.03,0.07,0.06,0.08,0.11,0.2,0.21,0.18,0.26
living room,0.06,0.1,0.07,0.1,0.09,0.12,0.21,0.3,0.34,0.34,0.43
look,0.13,0.19,0.26,0.36,0.35,0.45,0.52,0.63,0.78,0.71,0.75
love,0.1,0.12,0.18,0.17,0.15,0.23,0.29,0.43,0.54,0.47,0.49
lunch,0.1,0.18,0.18,0.26,0.28,0.35,0.36,0.51,0.65,0.68,0.72
man,0.03,0.05,0.04,0.06,0.07,0.07,0.07,0.2,0.21,0.13,0.2
me,0.07,0.06,0.12,0.13,0.14,0.17,0.23,0.34,0.4,0.38,0.46
meat,0.05,0.06,0.08,0.07,0.09,0.1,0.19,0.22,0.22,0.24,0.27
medicine,0.07,0.1,0.12,0.11,0.12,0.17,0.21,0.26,0.42,0.36,0.38
meow,0.22,0.27,0.31,0.39,0.41,0.47,0.53,0.65,0.8,0.77,0.83
milk,0.31,0.32,0.36,0.52,0.61,0.69,0.7,0.76,0.85,0.83,0.87
mine,0.11,0.09,0.13,0.18,0.16,0.18,0.25,0.35,0.45,0.46,0.52
mommy*,0.77,0.87,0.88,0.9,0.92,0.93,0.91,0.91,0.99,0.98,0.97
money,0.06,0.06,0.06,0.05,0.07,0.09,0.11,0.21,0.24,0.17,0.23
monkey,0.1,0.1,0.14,0.16,0.19,0.22,0.27,0.42,0.49,0.57,0.63
moo,0.16,0.16,0.22,0.29,0.32,0.39,0.43,0.53,0.74,0.75,0.81
moon,0.04,0.07,0.06,0.1,0.14,0.13,0.17,0.23,0.45,0.41,0.48
more,0.16,0.26,0.25,0.44,0.45,0.47,0.48,0.61,0.78,0.75,0.85
morning,0.06,0.07,0.09,0.12,0.1,0.09,0.09,0.16,0.17,0.2,0.26
motorcycle,0.06,0.07,0.07,0.08,0.09,0.1,0.13,0.21,0.21,0.31,0.39
mouse,0.06,0.06,0.07,0.08,0.11,0.13,0.17,0.28,0.33,0.41,0.5
mouth,0.14,0.17,0.28,0.31,0.34,0.47,0.52,0.62,0.83,0.77,0.85
my,0.05,0.05,0.07,0.08,0.09,0.12,0.13,0.22,0.26,0.23,0.35
nap,0.18,0.24,0.29,0.42,0.47,0.53,0.55,0.66,0.79,0.77,0.85
naughty,0.04,0.04,0.07,0.08,0.06,0.09,0.09,0.17,0.13,0.13,0.16
necklace,0.05,0.05,0.05,0.08,0.09,0.11,0.12,0.23,0.28,0.25,0.3
nice,0.04,0.07,0.1,0.12,0.11,0.16,0.21,0.37,0.38,0.31,0.34
night,0.09,0.12,0.13,0.12,0.12,0.14,0.17,0.24,0.32,0.28,0.37
night night,0.26,0.41,0.46,0.52,0.59,0.67,0.67,0.76,0.9,0.82,0.84
no,0.37,0.59,0.7,0.75,0.77,0.84,0.83,0.88,0.98,0.93,0.93
none,0.04,0.06,0.07,0.09,0.08,0.08,0.11,0.16,0.19,0.22,0.25
noodles,0.05,0.05,0.07,0.1,0.12,0.14,0.22,0.28,0.38,0.42,0.49
nose,0.14,0.19,0.24,0.42,0.4,0.53,0.62,0.75,0.9,0.84,0.9
not,0.04,0.03,0.04,0.05,0.06,0.08,0.08,0.15,0.19,0.17,0.23
now,0.06,0.07,0.07,0.06,0.09,0.09,0.12,0.21,0.22,0.24,0.33
off,0.07,0.11,0.14,0.18,0.24,0.29,0.33,0.46,0.63,0.57,0.7
old,0.03,0.03,0.03,0.04,0.04,0.03,0.03,0.07,0.04,0.05,0.07
on,0.06,0.09,0.09,0.16,0.23,0.28,0.3,0.45,0.6,0.56,0.69
open,0.04,0.05,0.11,0.2,0.25,0.3,0.39,0.56,0.73,0.64,0.77
orange (food),0.05,0.05,0.07,0.13,0.13,0.14,0.23,0.37,0.38,0.5,0.52
other,0.02,0.03,0.04,0.04,0.05,0.05,0.05,0.13,0.14,0.14,0.15
ouch,0.24,0.22,0.3,0.35,0.42,0.47,0.5,0.6,0.71,0.71,0.77
out,0.07,0.1,0.1,0.19,0.19,0.28,0.3,0.4,0.58,0.55,0.63
outside,0.17,0.24,0.28,0.4,0.46,0.59,0.65,0.74,0.89,0.79,0.81
oven,0.03,0.05,0.05,0.07,0.09,0.12,0.16,0.24,0.31,0.29,0.4
owie/boo boo,0.09,0.16,0.15,0.16,0.18,0.26,0.29,0.33,0.56,0.55,0.61
owl,0.08,0.05,0.06,0.09,0.15,0.14,0.17,0.23,0.32,0.4,0.51
pajamas,0.1,0.12,0.16,0.23,0.26,0.3,0.41,0.5,0.64,0.65,0.71
pants,0.07,0.1,0.13,0.19,0.23,0.29,0.34,0.47,0.56,0.7,0.75
paper,0.05,0.09,0.12,0.09,0.12,0.15,0.16,0.29,0.47,0.38,0.47
park,0.04,0.09,0.09,0.12,0.18,0.19,0.23,0.3,0.42,0.5,0.63
party,0.03,0.04,0.04,0.04,0.07,0.05,0.06,0.15,0.09,0.1,0.13
pattycake,0.14,0.3,0.41,0.34,0.35,0.48,0.44,0.57,0.71,0.42,0.48
peas,0.06,0.07,0.09,0.13,0.14,0.17,0.19,0.34,0.42,0.4,0.47
peekaboo,0.42,0.56,0.65,0.7,0.73,0.77,0.77,0.83,0.95,0.87,0.9
pen,0.05,0.07,0.07,0.11,0.11,0.17,0.2,0.36,0.44,0.39,0.53
penguin,0.05,0.05,0.06,0.07,0.11,0.1,0.11,0.17,0.16,0.29,0.35
penny,0.04,0.04,0.04,0.04,0.05,0.06,0.07,0.17,0.13,0.08,0.08
people,0.05,0.07,0.06,0.09,0.08,0.11,0.09,0.2,0.22,0.2,0.27
person,0.05,0.04,0.06,0.06,0.07,0.08,0.06,0.12,0.1,0.14,0.18
picture,0.06,0.07,0.11,0.12,0.13,0.16,0.2,0.34,0.45,0.42,0.47
pig,0.07,0.1,0.13,0.16,0.19,0.23,0.27,0.44,0.63,0.62,0.68
pillow,0.07,0.1,0.11,0.11,0.14,0.22,0.28,0.37,0.51,0.5,0.55
pizza,0.05,0.05,0.06,0.09,0.11,0.16,0.22,0.28,0.39,0.43,0.5
plant,0.04,0.06,0.07,0.1,0.13,0.15,0.18,0.27,0.35,0.28,0.32
plate,0.04,0.05,0.05,0.08,0.11,0.16,0.21,0.34,0.42,0.41,0.52
play,0.1,0.16,0.17,0.23,0.25,0.33,0.37,0.47,0.59,0.61,0.64
play pen,0.07,0.12,0.11,0.13,0.12,0.15,0.15,0.21,0.18,0.15,0.14
please,0.06,0.1,0.09,0.17,0.19,0.27,0.31,0.45,0.59,0.62,0.7
pony,0.05,0.06,0.07,0.08,0.1,0.11,0.11,0.2,0.2,0.22,0.26
pool,0.07,0.12,0.07,0.13,0.18,0.16,0.22,0.31,0.36,0.35,0.36
potty,0.05,0.07,0.08,0.12,0.13,0.2,0.22,0.27,0.43,0.45,0.58
pretty,0.04,0.08,0.11,0.08,0.11,0.15,0.17,0.27,0.35,0.22,0.3
pull,0.03,0.05,0.04,0.09,0.11,0.14,0.18,0.27,0.36,0.37,0.44
puppy,0.17,0.17,0.24,0.29,0.36,0.42,0.44,0.54,0.61,0.67,0.72
purse,0.05,0.06,0.05,0.08,0.11,0.14,0.22,0.3,0.43,0.28,0.38
push,0.03,0.05,0.06,0.13,0.17,0.21,0.23,0.37,0.5,0.48,0.54
put,0.04,0.05,0.05,0.09,0.15,0.16,0.27,0.39,0.53,0.46,0.52
quack quack,0.14,0.16,0.2,0.29,0.29,0.39,0.4,0.58,0.75,0.69,0.75
radio,0.04,0.05,0.07,0.07,0.08,0.1,0.14,0.25,0.25,0.19,0.2
rain,0.06,0.06,0.06,0.1,0.1,0.15,0.2,0.28,0.32,0.4,0.48
raisin,0.04,0.04,0.04,0.04,0.09,0.11,0.16,0.27,0.34,0.32,0.34
read,0.06,0.08,0.11,0.24,0.24,0.32,0.39,0.48,0.71,0.69,0.74
red,0.02,0.04,0.04,0.05,0.05,0.06,0.06,0.11,0.13,0.16,0.25
refrigerator,0.05,0.09,0.1,0.11,0.14,0.22,0.33,0.42,0.57,0.53,0.6
ride,0.04,0.04,0.07,0.11,0.12,0.18,0.24,0.37,0.53,0.45,0.46
rock,0.03,0.04,0.06,0.07,0.1,0.14,0.17,0.36,0.42,0.41,0.49
rocking chair,0.05,0.07,0.04,0.07,0.09,0.09,0.17,0.23,0.39,0.27,0.25
run,0.04,0.05,0.04,0.06,0.07,0.14,0.19,0.32,0.45,0.49,0.58
same,0.02,0.03,0.04,0.05,0.06,0.04,0.05,0.09,0.07,0.13,0.15
say,0.05,0.06,0.08,0.12,0.12,0.2,0.24,0.36,0.48,0.44,0.52
scared,0.04,0.03,0.04,0.06,0.05,0.06,0.07,0.14,0.11,0.14,0.17
school,0.06,0.08,0.07,0.08,0.1,0.13,0.14,0.22,0.19,0.24,0.28
scissors,0.04,0.04,0.04,0.04,0.06,0.06,0.08,0.14,0.15,0.16,0.21
see,0.05,0.13,0.17,0.16,0.16,0.28,0.3,0.47,0.58,0.5,0.58
sheep,0.05,0.06,0.07,0.12,0.14,0.13,0.2,0.32,0.41,0.48,0.54
shh/shush/hush,0.29,0.3,0.31,0.36,0.41,0.45,0.47,0.57,0.71,0.68,0.74
shirt,0.06,0.1,0.15,0.19,0.24,0.32,0.4,0.47,0.62,0.7,0.73
shoe,0.1,0.13,0.25,0.39,0.46,0.6,0.69,0.82,0.96,0.88,0.91
shorts,0.05,0.05,0.07,0.07,0.1,0.11,0.19,0.25,0.29,0.25,0.27
shovel,0.03,0.04,0.03,0.04,0.07,0.05,0.07,0.16,0.22,0.21,0.26
show,0.04,0.05,0.06,0.1,0.14,0.18,0.23,0.33,0.54,0.45,0.52
sick,0.04,0.05,0.04,0.07,0.06,0.07,0.07,0.13,0.13,0.13,0.15
sing,0.04,0.12,0.12,0.16,0.16,0.21,0.28,0.38,0.49,0.42,0.54
sink,0.04,0.05,0.06,0.06,0.07,0.09,0.16,0.23,0.3,0.34,0.43
sister,0.18,0.26,0.25,0.2,0.23,0.27,0.25,0.31,0.21,0.25,0.26
sky,0.06,0.05,0.07,0.07,0.1,0.13,0.13,0.22,0.33,0.32,0.36
sleep,0.12,0.18,0.18,0.24,0.25,0.3,0.39,0.55,0.67,0.63,0.74
sleepy,0.12,0.2,0.25,0.21,0.22,0.31,0.35,0.44,0.57,0.51,0.57
slide (object),0.03,0.05,0.06,0.09,0.14,0.14,0.24,0.37,0.59,0.52,0.62
smile,0.15,0.21,0.2,0.22,0.21,0.25,0.29,0.38,0.42,0.43,0.5
snow,0.05,0.05,0.05,0.06,0.06,0.07,0.07,0.13,0.15,0.17,0.21
soap,0.05,0.07,0.08,0.09,0.11,0.15,0.2,0.33,0.44,0.45,0.52
sock,0.12,0.17,0.24,0.36,0.39,0.44,0.58,0.64,0.85,0.79,0.86
soft,0.04,0.09,0.07,0.12,0.09,0.13,0.15,0.26,0.37,0.35,0.43
some,0.04,0.06,0.06,0.07,0.1,0.11,0.15,0.21,0.28,0.21,0.24
spaghetti,0.06,0.05,0.07,0.08,0.11,0.15,0.21,0.27,0.35,0.31,0.38
splash,0.07,0.17,0.14,0.23,0.21,0.27,0.36,0.39,0.62,0.56,0.57
spoon,0.08,0.2,0.19,0.28,0.3,0.37,0.44,0.56,0.76,0.66,0.74
squirrel,0.07,0.05,0.06,0.07,0.09,0.12,0.15,0.26,0.25,0.3,0.41
stairs,0.04,0.06,0.1,0.17,0.21,0.29,0.36,0.47,0.64,0.57,0.63
star,0.04,0.04,0.05,0.07,0.08,0.09,0.11,0.17,0.29,0.34,0.39
stop,0.08,0.15,0.22,0.26,0.33,0.4,0.43,0.59,0.73,0.64,0.78
store,0.05,0.07,0.07,0.09,0.1,0.15,0.14,0.29,0.41,0.31,0.37
stove,0.05,0.04,0.06,0.07,0.08,0.1,0.14,0.22,0.25,0.24,0.32
stroller,0.16,0.2,0.26,0.34,0.4,0.43,0.54,0.63,0.75,0.73,0.8
sun,0.05,0.08,0.06,0.09,0.11,0.11,0.15,0.2,0.34,0.35,0.42
sweater,0.05,0.05,0.07,0.06,0.09,0.09,0.15,0.19,0.21,0.31,0.39
swim,0.04,0.06,0.04,0.12,0.13,0.12,0.14,0.2,0.27,0.33,0.37
swing (action),0.05,0.06,0.08,0.12,0.13,0.18,0.23,0.29,0.58,0.41,0.48
swing (object),0.1,0.12,0.13,0.2,0.23,0.28,0.28,0.4,0.62,0.54,0.65
table,0.05,0.07,0.09,0.11,0.15,0.22,0.31,0.43,0.59,0.53,0.63
take,0.04,0.05,0.04,0.08,0.09,0.15,0.15,0.32,0.37,0.34,0.42
teacher,0.04,0.05,0.04,0.05,0.07,0.08,0.08,0.16,0.08,0.16,0.19
teddybear,0.11,0.13,0.23,0.24,0.23,0.35,0.38,0.53,0.67,0.58,0.62
telephone,0.09,0.17,0.28,0.34,0.4,0.52,0.57,0.64,0.86,0.74,0.81
thank you,0.07,0.16,0.19,0.31,0.34,0.45,0.51,0.64,0.76,0.7,0.8
that,0.05,0.05,0.08,0.13,0.12,0.2,0.23,0.36,0.4,0.34,0.42
there,0.08,0.07,0.08,0.13,0.13,0.17,0.2,0.33,0.42,0.38,0.43
thirsty,0.09,0.12,0.14,0.18,0.17,0.24,0.29,0.37,0.53,0.47,0.54
this,0.05,0.04,0.06,0.12,0.11,0.16,0.23,0.32,0.35,0.3,0.42
throw,0.05,0.08,0.09,0.2,0.25,0.34,0.41,0.53,0.76,0.71,0.75
tickle,0.12,0.13,0.2,0.28,0.26,0.31,0.35,0.47,0.64,0.61,0.7
tiger,0.05,0.05,0.08,0.08,0.11,0.14,0.2,0.25,0.34,0.35,0.49
tired,0.1,0.16,0.13,0.18,0.17,0.25,0.27,0.4,0.54,0.46,0.5
toast,0.05,0.08,0.08,0.13,0.16,0.17,0.25,0.28,0.38,0.4,0.53
today,0.04,0.04,0.05,0.04,0.05,0.05,0.05,0.1,0.06,0.09,0.1
toe,0.11,0.14,0.16,0.23,0.24,0.31,0.38,0.45,0.67,0.67,0.71
tomorrow,0.04,0.04,0.04,0.05,0.06,0.04,0.04,0.1,0.05,0.08,0.08
tongue,0.1,0.09,0.13,0.18,0.18,0.22,0.29,0.38,0.54,0.54,0.61
tonight,0.05,0.03,0.05,0.04,0.05,0.05,0.05,0.11,0.05,0.08,0.1
tooth,0.06,0.15,0.14,0.2,0.21,0.28,0.34,0.41,0.68,0.62,0.71
toothbrush,0.05,0.1,0.13,0.24,0.33,0.38,0.46,0.57,0.79,0.76,0.81
touch,0.07,0.08,0.1,0.18,0.15,0.21,0.26,0.39,0.51,0.51,0.55
towel,0.05,0.06,0.09,0.13,0.15,0.16,0.2,0.34,0.5,0.5,0.56
toy (object),0.26,0.24,0.31,0.4,0.41,0.51,0.54,0.66,0.73,0.74,0.73
train,0.05,0.1,0.09,0.16,0.19,0.23,0.26,0.37,0.53,0.59,0.68
trash,0.04,0.07,0.09,0.09,0.11,0.21,0.29,0.41,0.55,0.48,0.51
tree,0.05,0.1,0.08,0.16,0.21,0.24,0.31,0.42,0.59,0.57,0.68
truck,0.11,0.11,0.11,0.21,0.26,0.33,0.37,0.46,0.65,0.64,0.74
tummy,0.16,0.18,0.21,0.29,0.32,0.43,0.48,0.58,0.77,0.76,0.81
turkey,0.05,0.05,0.05,0.05,0.07,0.07,0.09,0.14,0.16,0.21,0.22
turtle,0.06,0.07,0.07,0.1,0.13,0.12,0.17,0.27,0.32,0.38,0.47
uh oh,0.35,0.35,0.48,0.54,0.59,0.73,0.69,0.78,0.91,0.85,0.91
uncle,0.11,0.11,0.11,0.12,0.15,0.14,0.17,0.21,0.23,0.27,0.3
under,0.05,0.05,0.08,0.14,0.17,0.17,0.22,0.32,0.39,0.42,0.52
up,0.13,0.18,0.23,0.37,0.4,0.42,0.46,0.56,0.72,0.72,0.77
vacuum,0.06,0.1,0.11,0.18,0.2,0.24,0.3,0.4,0.54,0.5,0.54
vroom,0.14,0.13,0.19,0.25,0.31,0.38,0.42,0.54,0.68,0.7,0.75
wait,0.05,0.11,0.14,0.18,0.18,0.22,0.3,0.37,0.54,0.57,0.62
walk,0.08,0.12,0.15,0.27,0.34,0.41,0.47,0.58,0.67,0.66,0.75
wanna/want to,0.05,0.11,0.12,0.18,0.18,0.25,0.27,0.43,0.54,0.49,0.54
wash,0.06,0.1,0.11,0.15,0.18,0.23,0.3,0.44,0.61,0.59,0.66
watch (action),0.04,0.09,0.08,0.15,0.12,0.15,0.21,0.35,0.39,0.38,0.47
watch (object),0.06,0.06,0.07,0.11,0.11,0.13,0.17,0.27,0.39,0.29,0.33
water (beverage),0.21,0.24,0.36,0.55,0.59,0.61,0.64,0.69,0.79,0.83,0.87
water (not beverage),0.08,0.14,0.17,0.21,0.22,0.32,0.38,0.52,0.71,0.57,0.6
wet,0.08,0.12,0.12,0.11,0.12,0.2,0.24,0.33,0.49,0.41,0.51
what,0.04,0.07,0.12,0.14,0.15,0.17,0.21,0.36,0.45,0.39,0.43
when,0.03,0.03,0.04,0.04,0.05,0.05,0.05,0.08,0.05,0.09,0.08
where,0.07,0.13,0.12,0.25,0.27,0.3,0.3,0.43,0.58,0.54,0.55
who,0.05,0.1,0.09,0.12,0.13,0.14,0.18,0.26,0.36,0.36,0.41
why,0.05,0.04,0.04,0.04,0.05,0.05,0.06,0.13,0.07,0.11,0.13
window,0.08,0.1,0.1,0.16,0.19,0.28,0.35,0.45,0.55,0.52,0.59
wipe,0.07,0.06,0.11,0.13,0.15,0.18,0.29,0.35,0.51,0.5,0.57
woof woof,0.25,0.22,0.32,0.42,0.47,0.54,0.6,0.69,0.85,0.83,0.87
work (place),0.04,0.07,0.07,0.06,0.07,0.08,0.1,0.2,0.27,0.25,0.3
write,0.04,0.03,0.03,0.04,0.05,0.05,0.08,0.19,0.2,0.17,0.23
yes,0.17,0.26,0.29,0.43,0.49,0.57,0.65,0.72,0.86,0.84,0.9
you,0.12,0.13,0.13,0.2,0.2,0.25,0.33,0.39,0.43,0.47,0.49
your,0.06,0.07,0.09,0.12,0.12,0.13,0.15,0.24,0.3,0.31,0.33
yucky,0.1,0.12,0.2,0.23,0.22,0.36,0.41,0.49,0.61,0.54,0.6
yum yum,0.32,0.39,0.41,0.51,0.52,0.58,0.59,0.61,0.8,0.76,0.83
zipper,0.08,0.06,0.07,0.12,0.09,0.11,0.14,0.2,0.31,0.39,0.46
zoo,0.06,0.04,0.04,0.04,0.06,0.06,0.09,0.15,0.14,0.15,0.15
