word,8,9,10,11,12,13,14,15,16,17,18,19,20,21,22,23,24,25,26,27,28,29,30
I,0.03,0.01,0.04,0.02,0.03,0.04,0.03,0.07,0.06,0.08499999999999999,0.10500000000000001,0.23,0.22,0.29,0.32,0.4,0.44,0.6,0.6,0.62,0.79,0.72,0.78
TV,0.02,0.02,0.01,0.02,0.02,0.04,0.03,0.1,0.095,0.12,0.16499999999999998,0.33,0.38,0.44,0.47,0.58,0.64,0.75,0.76,0.74,0.93,0.86,0.88
a,,,,,,,,,0.04,0.05,0.07,0.12,0.13,0.16,0.23,0.25,0.3,0.37,0.4,0.48,0.61,0.54,0.62
a lot,,,,,,,,,0.0,0.02,0.03,0.05,0.05,0.05,0.11,0.17,0.18,0.25,0.29,0.35,0.48,0.49,0.53
about,,,,,,,,,0.0,0.02,0.01,0.01,0.03,0.02,0.03,0.03,0.06,0.07,0.1,0.12,0.22,0.23,0.28
above,,,,,,,,,0.01,0.02,0.02,0.02,0.03,0.03,0.05,0.04,0.08,0.11,0.13,0.19,0.24,0.23,0.27
after,,,,,,,,,0.0,0.02,0.02,0.02,0.04,0.06,0.09,0.13,0.17,0.21,0.26,0.31,0.45,0.44,0.48
airplane,0.01,0.01,0.02,0.03,0.04,0.05,0.04,0.11,0.16999999999999998,0.2,0.3,0.42,0.47,0.52,0.6,0.67,0.73,0.81,0.82,0.85,0.94,0.88,0.87
all,0.0,0.01,0.01,0.01,0.01,0.01,0.03,0.04,0.04,0.045,0.08,0.12,0.12,0.15,0.19,0.3,0.33,0.39,0.43,0.49,0.67,0.59,0.65
all gone,0.01,0.03,0.03,0.07,0.07,0.11,0.1,0.2,0.29500000000000004,0.35,0.44,0.55,0.58,0.66,0.66,0.73,0.78,0.81,0.79,0.81,0.92,0.82,0.81
alligator,,,,,,,,,0.02,0.04,0.06,0.13,0.14,0.19,0.22,0.3,0.4,0.47,0.5,0.52,0.74,0.66,0.7
am,,,,,,,,,0.01,0.02,0.02,0.04,0.06,0.06,0.1,0.13,0.18,0.23,0.27,0.34,0.48,0.48,0.53
an,,,,,,,,,0.01,0.02,0.01,0.02,0.02,0.02,0.04,0.03,0.05,0.09,0.1,0.12,0.17,0.18,0.22
and,,,,,,,,,0.01,0.03,0.03,0.05,0.08,0.09,0.15,0.27,0.29,0.34,0.46,0.48,0.64,0.6,0.66
animal,0.01,0.01,0.01,0.01,0.02,0.03,0.02,0.04,0.04,0.08,0.10500000000000001,0.2,0.21,0.28,0.33,0.44,0.5,0.56,0.58,0.61,0.78,0.71,0.73
ankle,,,,,,,,,0.0,0.02,0.03,0.06,0.07,0.08,0.11,0.14,0.17,0.19,0.21,0.26,0.45,0.32,0.37
another,0.0,0.0,0.0,0.02,0.01,0.01,0.02,0.01,0.01,0.02,0.035,0.06,0.06,0.08,0.11,0.19,0.22,0.28,0.35,0.36,0.53,0.45,0.52
ant,,,,,,,,,0.04,0.06,0.1,0.18,0.21,0.23,0.26,0.37,0.43,0.49,0.51,0.54,0.74,0.63,0.66
any,,,,,,,,,0.0,0.02,0.02,0.03,0.02,0.03,0.05,0.09,0.13,0.16,0.22,0.32,0.41,0.36,0.42
apple,0.0,0.01,0.02,0.05,0.04,0.06,0.13,0.18,0.3,0.375,0.505,0.61,0.61,0.67,0.76,0.81,0.85,0.89,0.88,0.91,0.96,0.93,0.93
applesauce,,,,,,,,,0.06,0.08,0.11,0.17,0.19,0.25,0.32,0.38,0.44,0.5,0.52,0.53,0.71,0.6,0.6
are,,,,,,,,,0.0,0.02,0.02,0.02,0.04,0.04,0.08,0.1,0.15,0.16,0.23,0.28,0.44,0.38,0.48
arm,0.0,0.01,0.01,0.01,0.03,0.04,0.04,0.06,0.06,0.12,0.19,0.32,0.36,0.45,0.5,0.58,0.68,0.74,0.74,0.78,0.91,0.83,0.84
around,,,,,,,,,0.0,0.03,0.02,0.03,0.06,0.05,0.07,0.11,0.14,0.22,0.23,0.28,0.43,0.37,0.43
asleep,0.0,0.02,0.0,0.02,0.01,0.02,0.02,0.04,0.03,0.055,0.08499999999999999,0.17,0.19,0.26,0.3,0.4,0.47,0.57,0.58,0.58,0.76,0.68,0.72
at,,,,,,,,,0.01,0.03,0.03,0.05,0.06,0.08,0.12,0.16,0.2,0.23,0.33,0.38,0.52,0.47,0.49
aunt,0.0,0.02,0.02,0.02,0.02,0.04,0.04,0.09,0.06,0.08499999999999999,0.11499999999999999,0.17,0.18,0.2,0.28,0.37,0.43,0.47,0.49,0.56,0.7,0.59,0.63
awake,,,,,,,,,0.01,0.03,0.04,0.1,0.1,0.18,0.22,0.32,0.36,0.46,0.47,0.56,0.71,0.65,0.7
away,0.0,0.0,0.01,0.02,0.01,0.01,0.01,0.04,0.01,0.025,0.045,0.09,0.09,0.11,0.16,0.24,0.29,0.38,0.41,0.47,0.64,0.54,0.59
baa baa,0.17,0.19,0.24,0.23,0.25,0.29,0.35,0.33,0.45999999999999996,0.51,0.575,0.67,0.71,0.7,0.68,0.78,0.78,0.8,0.8,0.84,0.89,0.8,0.82
baby,0.01,0.04,0.07,0.08,0.12,0.17,0.2,0.36,0.51,0.51,0.615,0.74,0.74,0.84,0.83,0.83,0.88,0.92,0.89,0.92,0.96,0.95,0.94
babysitter,0.0,0.01,0.0,0.01,0.01,0.02,0.01,0.02,0.005,0.005,0.015,0.03,0.03,0.03,0.04,0.07,0.11,0.15,0.12,0.17,0.31,0.26,0.23
babysitter's name,0.0,0.0,0.02,0.02,0.02,0.05,0.03,0.08,0.14500000000000002,0.13,0.14500000000000002,0.25,0.25,0.3,0.29,0.34,0.39,0.47,0.45,0.49,0.63,0.44,0.47
back,0.0,0.0,0.01,0.02,0.01,0.02,0.02,0.03,0.035,0.065,0.09,0.13,0.12,0.17,0.21,0.32,0.36,0.41,0.43,0.49,0.66,0.57,0.64
backyard,0.0,0.01,0.0,0.01,0.02,0.02,0.02,0.03,0.02,0.03,0.05,0.07,0.09,0.16,0.17,0.24,0.29,0.36,0.41,0.45,0.65,0.51,0.57
bad,0.01,0.01,0.02,0.03,0.03,0.05,0.04,0.08,0.055,0.08499999999999999,0.085,0.14,0.19,0.23,0.28,0.33,0.41,0.51,0.53,0.59,0.73,0.64,0.71
ball,0.05,0.05,0.09,0.15,0.21,0.36,0.41,0.53,0.725,0.74,0.8,0.89,0.93,0.93,0.93,0.92,0.95,0.97,0.94,0.97,0.99,0.95,0.96
balloon,0.0,0.01,0.02,0.04,0.06,0.12,0.16,0.28,0.36,0.375,0.45,0.59,0.64,0.65,0.66,0.76,0.82,0.87,0.88,0.89,0.96,0.91,0.91
banana,0.02,0.02,0.04,0.09,0.13,0.17,0.23,0.29,0.485,0.525,0.63,0.68,0.73,0.75,0.8,0.85,0.88,0.91,0.9,0.91,0.96,0.94,0.96
basement,,,,,,,,,0.01,0.02,0.02,0.02,0.04,0.06,0.11,0.13,0.14,0.17,0.18,0.24,0.28,0.25,0.23
basket,,,,,,,,,0.02,0.05,0.07,0.18,0.15,0.21,0.25,0.34,0.4,0.47,0.48,0.51,0.72,0.61,0.65
bat,,,,,,,,,0.05,0.06,0.11,0.14,0.17,0.18,0.22,0.26,0.36,0.41,0.44,0.43,0.7,0.54,0.56
bath,0.0,0.03,0.02,0.04,0.07,0.11,0.1,0.23,0.33499999999999996,0.375,0.44999999999999996,0.6,0.61,0.67,0.73,0.79,0.8,0.85,0.85,0.87,0.95,0.86,0.86
bathroom,0.0,0.01,0.0,0.02,0.02,0.02,0.03,0.06,0.03,0.07,0.1,0.21,0.23,0.27,0.42,0.46,0.54,0.65,0.68,0.69,0.85,0.78,0.81
bathtub,0.0,0.01,0.01,0.03,0.03,0.06,0.07,0.12,0.14,0.165,0.24,0.33,0.36,0.38,0.51,0.57,0.6,0.67,0.71,0.72,0.87,0.74,0.76
be,,,,,,,,,0.0,0.03,0.02,0.05,0.03,0.05,0.08,0.11,0.13,0.17,0.23,0.25,0.38,0.36,0.42
beach,0.01,0.01,0.0,0.01,0.02,0.02,0.03,0.03,0.03,0.04,0.07,0.1,0.14,0.2,0.25,0.29,0.33,0.37,0.45,0.52,0.67,0.58,0.67
beads,0.0,0.01,0.0,0.01,0.01,0.01,0.01,0.03,0.04,0.04,0.045,0.1,0.11,0.13,0.13,0.17,0.21,0.24,0.23,0.26,0.44,0.3,0.35
beans,,,,,,,,,0.05,0.09,0.13,0.24,0.24,0.29,0.36,0.4,0.46,0.47,0.53,0.56,0.74,0.55,0.63
bear,0.01,0.01,0.02,0.01,0.04,0.07,0.08,0.2,0.265,0.275,0.345,0.51,0.55,0.57,0.6,0.66,0.74,0.78,0.79,0.84,0.91,0.86,0.85
because,,,,,,,,,0.0,0.02,0.02,0.03,0.04,0.03,0.06,0.11,0.11,0.13,0.22,0.26,0.36,0.35,0.44
bed,0.0,0.03,0.02,0.03,0.03,0.05,0.04,0.1,0.115,0.19,0.255,0.4,0.48,0.56,0.62,0.71,0.74,0.84,0.84,0.88,0.94,0.88,0.87
bedroom,0.01,0.01,0.0,0.02,0.02,0.01,0.02,0.04,0.02,0.045,0.060000000000000005,0.13,0.15,0.21,0.27,0.33,0.43,0.51,0.54,0.6,0.77,0.68,0.72
bee,0.01,0.01,0.02,0.03,0.03,0.05,0.05,0.08,0.14,0.23,0.29500000000000004,0.4,0.44,0.5,0.5,0.64,0.68,0.72,0.71,0.74,0.89,0.82,0.83
before,,,,,,,,,0.0,0.02,0.01,0.01,0.01,0.03,0.06,0.06,0.09,0.11,0.17,0.19,0.27,0.32,0.36
behind,,,,,,,,,0.0,0.02,0.02,0.04,0.05,0.06,0.09,0.14,0.18,0.23,0.3,0.35,0.47,0.46,0.49
belly button,0.01,0.0,0.0,0.03,0.02,0.05,0.07,0.14,0.2,0.265,0.32,0.42,0.47,0.54,0.6,0.65,0.7,0.75,0.75,0.79,0.89,0.8,0.83
belt,,,,,,,,,0.02,0.05,0.08,0.14,0.15,0.17,0.23,0.24,0.28,0.37,0.37,0.42,0.64,0.49,0.5
bench,,,,,,,,,0.0,0.03,0.02,0.04,0.04,0.05,0.09,0.14,0.15,0.16,0.23,0.26,0.38,0.31,0.4
beside,,,,,,,,,0.0,0.01,0.02,0.01,0.02,0.02,0.05,0.08,0.1,0.1,0.13,0.15,0.21,0.22,0.29
better,,,,,,,,,0.01,0.03,0.04,0.09,0.08,0.13,0.2,0.23,0.28,0.34,0.41,0.48,0.61,0.53,0.61
bib,0.0,0.01,0.0,0.02,0.02,0.03,0.03,0.08,0.115,0.135,0.20500000000000002,0.31,0.28,0.32,0.36,0.47,0.5,0.54,0.56,0.55,0.76,0.58,0.63
bicycle,0.01,0.01,0.02,0.02,0.03,0.02,0.03,0.08,0.11,0.15,0.21000000000000002,0.32,0.37,0.4,0.52,0.56,0.64,0.72,0.74,0.74,0.89,0.82,0.85
big,0.0,0.01,0.01,0.02,0.02,0.02,0.03,0.08,0.060000000000000005,0.09,0.14,0.24,0.32,0.37,0.46,0.55,0.62,0.71,0.72,0.76,0.88,0.82,0.82
bird,0.03,0.01,0.02,0.05,0.08,0.12,0.13,0.27,0.39,0.39,0.48,0.63,0.65,0.71,0.7,0.77,0.81,0.89,0.89,0.89,0.95,0.9,0.9
bite,0.0,0.01,0.01,0.02,0.03,0.03,0.05,0.09,0.125,0.12000000000000001,0.165,0.33,0.33,0.37,0.48,0.51,0.58,0.69,0.67,0.72,0.88,0.75,0.78
black,,,,,,,,,0.03,0.04,0.06,0.12,0.13,0.17,0.27,0.34,0.4,0.47,0.48,0.53,0.7,0.66,0.71
blanket,0.0,0.02,0.01,0.02,0.03,0.05,0.06,0.11,0.14500000000000002,0.18,0.255,0.42,0.46,0.52,0.59,0.66,0.72,0.8,0.81,0.83,0.93,0.85,0.86
block,0.01,0.02,0.03,0.02,0.03,0.05,0.06,0.15,0.16,0.215,0.265,0.36,0.4,0.47,0.51,0.6,0.6,0.69,0.71,0.74,0.87,0.76,0.77
blow,0.0,0.01,0.0,0.02,0.02,0.02,0.03,0.06,0.065,0.060000000000000005,0.1,0.21,0.23,0.28,0.32,0.4,0.49,0.61,0.59,0.64,0.82,0.69,0.71
blue,0.0,0.01,0.02,0.01,0.03,0.02,0.04,0.07,0.07,0.11499999999999999,0.19,0.28,0.32,0.35,0.42,0.57,0.62,0.69,0.68,0.74,0.85,0.81,0.84
boat,,,,,,,,,0.18,0.21,0.29,0.43,0.45,0.48,0.56,0.66,0.69,0.76,0.79,0.78,0.93,0.84,0.86
book,0.02,0.02,0.03,0.09,0.12,0.17,0.22,0.35,0.48,0.52,0.615,0.71,0.78,0.79,0.79,0.83,0.88,0.9,0.89,0.92,0.97,0.93,0.93
boots,0.0,0.01,0.01,0.02,0.02,0.02,0.03,0.07,0.095,0.195,0.28,0.32,0.36,0.45,0.54,0.64,0.65,0.67,0.69,0.72,0.82,0.82,0.79
bottle,0.03,0.06,0.11,0.11,0.11,0.2,0.21,0.32,0.37,0.33,0.39,0.48,0.54,0.57,0.58,0.64,0.66,0.76,0.76,0.79,0.9,0.81,0.82
bowl,0.0,0.01,0.01,0.02,0.02,0.04,0.05,0.09,0.10500000000000001,0.14500000000000002,0.195,0.31,0.33,0.39,0.47,0.55,0.63,0.68,0.67,0.76,0.88,0.77,0.81
box,0.01,0.01,0.01,0.02,0.02,0.05,0.03,0.09,0.1,0.14,0.16999999999999998,0.32,0.36,0.4,0.49,0.51,0.6,0.67,0.7,0.76,0.87,0.78,0.79
boy,0.0,0.01,0.01,0.02,0.02,0.02,0.02,0.08,0.065,0.075,0.125,0.26,0.29,0.31,0.37,0.43,0.51,0.58,0.63,0.66,0.83,0.74,0.78
bread,0.01,0.01,0.02,0.02,0.03,0.03,0.05,0.1,0.12000000000000001,0.16499999999999998,0.22,0.33,0.37,0.4,0.5,0.58,0.64,0.72,0.75,0.74,0.9,0.83,0.82
break,0.0,0.01,0.0,0.01,0.01,0.01,0.02,0.03,0.015,0.025,0.05,0.11,0.15,0.19,0.26,0.36,0.44,0.5,0.56,0.57,0.8,0.68,0.73
breakfast,0.0,0.01,0.0,0.01,0.02,0.02,0.02,0.06,0.045,0.08,0.11499999999999999,0.2,0.22,0.28,0.36,0.44,0.5,0.58,0.62,0.64,0.8,0.74,0.74
bring,0.0,0.01,0.0,0.02,0.01,0.02,0.02,0.04,0.015,0.025,0.045,0.09,0.11,0.13,0.18,0.29,0.32,0.41,0.41,0.5,0.65,0.58,0.63
broken,0.0,0.01,0.0,0.01,0.01,0.01,0.01,0.03,0.035,0.045,0.09,0.16,0.22,0.28,0.36,0.47,0.55,0.62,0.66,0.68,0.86,0.76,0.8
broom,0.01,0.01,0.0,0.02,0.01,0.04,0.02,0.1,0.065,0.085,0.11,0.21,0.26,0.28,0.37,0.42,0.49,0.57,0.59,0.64,0.79,0.64,0.69
brother,0.0,0.02,0.03,0.04,0.05,0.06,0.06,0.11,0.07500000000000001,0.115,0.11,0.17,0.19,0.21,0.28,0.3,0.31,0.39,0.46,0.44,0.58,0.59,0.59
brown,,,,,,,,,0.01,0.04,0.04,0.11,0.1,0.13,0.21,0.29,0.35,0.4,0.44,0.49,0.64,0.6,0.66
brush,0.01,0.02,0.02,0.03,0.02,0.05,0.05,0.11,0.14500000000000002,0.15,0.22,0.33,0.38,0.39,0.48,0.58,0.61,0.7,0.69,0.72,0.87,0.76,0.79
bubbles,0.01,0.01,0.02,0.05,0.06,0.1,0.13,0.2,0.29,0.38,0.49,0.6,0.63,0.64,0.71,0.77,0.83,0.88,0.86,0.89,0.95,0.89,0.92
bucket,,,,,,,,,0.01,0.05,0.07,0.13,0.13,0.19,0.27,0.33,0.39,0.45,0.48,0.48,0.69,0.59,0.65
bug,0.0,0.02,0.02,0.02,0.03,0.04,0.05,0.09,0.12000000000000001,0.155,0.225,0.38,0.39,0.4,0.49,0.57,0.63,0.7,0.73,0.72,0.89,0.77,0.76
build,,,,,,,,,0.01,0.03,0.02,0.07,0.06,0.11,0.16,0.24,0.3,0.38,0.44,0.48,0.62,0.6,0.65
bump,0.0,0.01,0.01,0.01,0.01,0.01,0.03,0.09,0.045,0.060000000000000005,0.10500000000000001,0.15,0.16,0.17,0.24,0.31,0.35,0.41,0.48,0.44,0.67,0.57,0.61
bunny,0.01,0.01,0.02,0.01,0.03,0.06,0.07,0.17,0.165,0.225,0.31,0.42,0.48,0.54,0.55,0.64,0.71,0.75,0.76,0.77,0.89,0.86,0.82
bus,0.02,0.02,0.02,0.02,0.05,0.04,0.07,0.11,0.15000000000000002,0.22,0.29000000000000004,0.39,0.42,0.48,0.62,0.68,0.74,0.78,0.78,0.83,0.91,0.87,0.86
but,,,,,,,,,0.01,0.03,0.02,0.03,0.03,0.03,0.07,0.07,0.07,0.1,0.15,0.2,0.26,0.3,0.35
butter,0.01,0.01,0.0,0.02,0.01,0.01,0.03,0.03,0.03,0.05,0.09,0.13,0.19,0.22,0.29,0.38,0.43,0.51,0.54,0.6,0.77,0.64,0.69
butterfly,0.0,0.01,0.02,0.01,0.02,0.02,0.02,0.05,0.065,0.10500000000000001,0.15500000000000003,0.24,0.27,0.33,0.42,0.52,0.59,0.66,0.67,0.69,0.86,0.82,0.82
buttocks/bottom*,,,,,,,,,0.09,0.14,0.19,0.31,0.32,0.4,0.51,0.59,0.63,0.72,0.71,0.73,0.89,0.78,0.78
button,0.01,0.0,0.0,0.02,0.02,0.03,0.05,0.09,0.13,0.14500000000000002,0.195,0.3,0.34,0.37,0.42,0.53,0.55,0.63,0.65,0.64,0.84,0.73,0.77
buy,,,,,,,,,0.01,0.03,0.03,0.06,0.07,0.09,0.12,0.19,0.23,0.29,0.34,0.44,0.59,0.54,0.62
by,,,,,,,,,0.01,0.04,0.03,0.05,0.05,0.08,0.11,0.14,0.17,0.24,0.27,0.36,0.48,0.41,0.45
bye,0.06,0.13,0.22,0.22,0.3,0.41,0.42,0.6,0.69,0.6950000000000001,0.79,0.86,0.86,0.87,0.9,0.91,0.93,0.95,0.93,0.93,0.97,0.95,0.97
cake,0.01,0.02,0.02,0.03,0.02,0.03,0.05,0.07,0.07,0.095,0.15000000000000002,0.28,0.34,0.35,0.5,0.56,0.7,0.74,0.75,0.78,0.9,0.87,0.88
call (on phone),,,,,,,,,0.11,0.11,0.16,0.24,0.27,0.33,0.42,0.48,0.53,0.63,0.65,0.68,0.78,0.73,0.76
camera,,,,,,,,,0.02,0.03,0.05,0.11,0.14,0.19,0.25,0.3,0.35,0.48,0.48,0.53,0.71,0.58,0.69
camping,,,,,,,,,0.0,0.02,0.01,0.01,0.01,0.05,0.05,0.08,0.11,0.13,0.17,0.17,0.29,0.23,0.29
can (auxiliary),,,,,,,,,0.01,0.02,0.03,0.07,0.06,0.07,0.15,0.21,0.23,0.31,0.32,0.43,0.6,0.56,0.62
can (object),,,,,,,,,0.01,0.04,0.05,0.08,0.1,0.13,0.18,0.2,0.25,0.33,0.32,0.4,0.57,0.43,0.49
candy,0.02,0.02,0.01,0.01,0.02,0.02,0.04,0.07,0.05500000000000001,0.09,0.12,0.27,0.31,0.33,0.41,0.45,0.53,0.68,0.69,0.72,0.88,0.79,0.81
car,0.03,0.02,0.02,0.04,0.07,0.12,0.14,0.24,0.345,0.405,0.53,0.68,0.75,0.74,0.77,0.82,0.89,0.91,0.91,0.93,0.97,0.94,0.95
careful,0.0,0.0,0.0,0.02,0.01,0.01,0.01,0.03,0.02,0.03,0.055,0.12,0.13,0.17,0.22,0.29,0.33,0.44,0.44,0.5,0.7,0.61,0.67
carrots,0.01,0.01,0.0,0.01,0.01,0.01,0.03,0.06,0.055,0.1,0.12,0.21,0.24,0.3,0.36,0.46,0.52,0.62,0.61,0.65,0.82,0.74,0.79
carry,,,,,,,,,0.02,0.04,0.04,0.11,0.12,0.17,0.26,0.33,0.4,0.51,0.54,0.58,0.72,0.68,0.69
cat,0.05,0.03,0.03,0.09,0.11,0.16,0.19,0.35,0.38,0.41000000000000003,0.45999999999999996,0.61,0.65,0.66,0.75,0.79,0.82,0.87,0.88,0.92,0.94,0.93,0.92
catch,,,,,,,,,0.02,0.05,0.07,0.11,0.13,0.18,0.24,0.31,0.39,0.5,0.53,0.56,0.75,0.69,0.72
cereal,0.0,0.01,0.01,0.02,0.02,0.02,0.05,0.09,0.09,0.11499999999999999,0.165,0.34,0.32,0.39,0.47,0.5,0.6,0.68,0.69,0.71,0.88,0.79,0.82
chair,0.01,0.02,0.01,0.02,0.02,0.02,0.02,0.1,0.125,0.165,0.26,0.41,0.44,0.46,0.58,0.64,0.72,0.79,0.79,0.81,0.93,0.85,0.86
chalk,,,,,,,,,0.02,0.03,0.05,0.1,0.12,0.16,0.22,0.28,0.33,0.37,0.41,0.46,0.61,0.53,0.58
chase,,,,,,,,,0.02,0.03,0.04,0.09,0.08,0.1,0.15,0.21,0.29,0.33,0.34,0.38,0.57,0.48,0.55
cheek,0.01,0.01,0.01,0.02,0.02,0.03,0.04,0.05,0.06,0.1,0.15000000000000002,0.25,0.26,0.36,0.43,0.52,0.56,0.63,0.64,0.68,0.81,0.73,0.74
cheerios,0.01,0.01,0.01,0.03,0.03,0.04,0.07,0.12,0.125,0.16,0.22,0.28,0.28,0.33,0.4,0.47,0.49,0.57,0.56,0.57,0.75,0.68,0.76
cheese,0.01,0.01,0.01,0.03,0.06,0.1,0.1,0.21,0.31999999999999995,0.395,0.48,0.6,0.62,0.67,0.67,0.76,0.83,0.84,0.85,0.86,0.95,0.87,0.9
chicken (animal),0.01,0.0,0.01,0.01,0.02,0.04,0.04,0.07,0.08,0.135,0.15500000000000003,0.3,0.31,0.34,0.45,0.54,0.63,0.66,0.69,0.74,0.86,0.78,0.83
chicken (food),0.01,0.01,0.0,0.02,0.02,0.03,0.05,0.09,0.07500000000000001,0.11499999999999999,0.16,0.29,0.29,0.38,0.47,0.51,0.59,0.68,0.68,0.71,0.88,0.83,0.82
child,0.0,0.01,0.0,0.01,0.02,0.02,0.02,0.04,0.01,0.025,0.03,0.04,0.05,0.07,0.08,0.12,0.16,0.16,0.18,0.26,0.33,0.33,0.38
child's own name,0.0,0.02,0.02,0.04,0.06,0.08,0.09,0.15,0.21500000000000002,0.25,0.36,0.48,0.49,0.54,0.62,0.66,0.74,0.8,0.83,0.84,0.91,0.87,0.9
chin,,,,,,,,,0.04,0.06,0.12,0.23,0.25,0.3,0.38,0.47,0.52,0.56,0.61,0.67,0.8,0.72,0.71
chocolate,,,,,,,,,0.02,0.05,0.08,0.12,0.18,0.23,0.28,0.41,0.48,0.52,0.55,0.63,0.78,0.72,0.78
choo choo,0.03,0.04,0.02,0.02,0.06,0.08,0.08,0.16,0.24,0.315,0.38,0.52,0.58,0.6,0.65,0.7,0.76,0.84,0.81,0.85,0.92,0.85,0.89
church*,0.0,0.0,0.0,0.01,0.02,0.02,0.02,0.05,0.03,0.035,0.065,0.16,0.18,0.18,0.23,0.23,0.26,0.39,0.38,0.43,0.53,0.41,0.44
circus,,,,,,,,,0.0,0.01,0.02,0.02,0.02,0.02,0.04,0.07,0.08,0.14,0.16,0.19,0.33,0.21,0.28
clap,,,,,,,,,0.06,0.13,0.17,0.28,0.3,0.34,0.39,0.48,0.53,0.63,0.63,0.66,0.79,0.76,0.75
clean (action),0.0,0.01,0.0,0.02,0.01,0.0,0.02,0.04,0.025,0.06,0.11,0.19,0.23,0.29,0.36,0.43,0.52,0.59,0.63,0.65,0.83,0.73,0.79
clean (description),0.0,0.01,0.0,0.01,0.01,0.01,0.01,0.04,0.03,0.055,0.10500000000000001,0.2,0.21,0.29,0.37,0.43,0.51,0.6,0.63,0.63,0.81,0.74,0.79
climb,,,,,,,,,0.03,0.04,0.06,0.11,0.14,0.17,0.28,0.33,0.41,0.5,0.51,0.54,0.73,0.63,0.7
clock,0.01,0.01,0.02,0.02,0.01,0.02,0.03,0.08,0.115,0.11499999999999999,0.165,0.29,0.31,0.34,0.37,0.46,0.5,0.59,0.6,0.6,0.8,0.66,0.71
close,0.0,0.01,0.01,0.02,0.01,0.02,0.03,0.06,0.065,0.075,0.11,0.15,0.2,0.23,0.32,0.4,0.48,0.56,0.56,0.6,0.8,0.71,0.77
closet,,,,,,,,,0.0,0.03,0.04,0.09,0.08,0.15,0.21,0.24,0.34,0.42,0.45,0.54,0.71,0.62,0.68
cloud,,,,,,,,,0.03,0.05,0.09,0.14,0.18,0.23,0.27,0.37,0.43,0.49,0.49,0.57,0.74,0.66,0.72
clown,,,,,,,,,0.01,0.04,0.06,0.08,0.1,0.13,0.12,0.14,0.21,0.29,0.3,0.34,0.62,0.35,0.44
coat,0.0,0.01,0.0,0.02,0.02,0.03,0.05,0.06,0.1,0.12,0.185,0.31,0.34,0.39,0.48,0.53,0.6,0.65,0.64,0.68,0.79,0.71,0.71
cockadoodledoo,0.01,0.01,0.02,0.02,0.01,0.04,0.03,0.08,0.125,0.125,0.16999999999999998,0.23,0.25,0.31,0.34,0.37,0.44,0.48,0.5,0.54,0.71,0.54,0.6
coffee,0.01,0.01,0.01,0.01,0.01,0.02,0.03,0.03,0.04,0.08,0.13,0.18,0.2,0.25,0.32,0.43,0.49,0.52,0.56,0.57,0.75,0.66,0.7
coke,,,,,,,,,0.01,0.04,0.05,0.11,0.13,0.11,0.17,0.14,0.2,0.33,0.24,0.25,0.48,0.26,0.34
cold,0.0,0.01,0.01,0.01,0.02,0.03,0.04,0.07,0.12,0.14,0.24,0.36,0.44,0.48,0.54,0.62,0.69,0.77,0.79,0.75,0.92,0.84,0.86
comb,0.0,0.01,0.0,0.02,0.01,0.02,0.03,0.05,0.045,0.08,0.08,0.2,0.22,0.27,0.29,0.32,0.4,0.46,0.52,0.53,0.73,0.54,0.62
cook,,,,,,,,,0.03,0.05,0.06,0.16,0.15,0.22,0.3,0.34,0.42,0.54,0.54,0.57,0.74,0.66,0.71
cookie,0.02,0.02,0.03,0.04,0.05,0.08,0.11,0.21,0.315,0.3,0.395,0.56,0.64,0.6,0.69,0.74,0.82,0.87,0.86,0.89,0.96,0.91,0.95
corn,,,,,,,,,0.05,0.08,0.12,0.21,0.24,0.25,0.34,0.44,0.48,0.56,0.59,0.64,0.81,0.69,0.74
couch,0.01,0.01,0.0,0.02,0.01,0.01,0.02,0.05,0.025,0.065,0.11499999999999999,0.18,0.2,0.26,0.34,0.42,0.49,0.57,0.59,0.65,0.82,0.7,0.72
could,,,,,,,,,0.0,0.02,0.02,0.02,0.02,0.02,0.02,0.05,0.05,0.08,0.11,0.14,0.22,0.23,0.27
country,,,,,,,,,0.0,0.01,0.01,0.01,0.01,0.01,0.03,0.03,0.04,0.06,0.05,0.09,0.14,0.11,0.17
cover,,,,,,,,,0.01,0.02,0.03,0.05,0.04,0.1,0.1,0.16,0.22,0.29,0.31,0.37,0.57,0.5,0.52
cow,0.01,0.01,0.02,0.03,0.03,0.06,0.05,0.15,0.195,0.245,0.32,0.5,0.54,0.53,0.58,0.68,0.75,0.8,0.8,0.85,0.93,0.87,0.87
cowboy,,,,,,,,,0.0,0.02,0.01,0.02,0.02,0.04,0.04,0.08,0.11,0.17,0.17,0.19,0.37,0.3,0.36
cracker,0.01,0.02,0.02,0.03,0.04,0.07,0.09,0.23,0.29000000000000004,0.30500000000000005,0.37,0.5,0.53,0.53,0.6,0.67,0.72,0.78,0.76,0.78,0.92,0.81,0.82
crayon,,,,,,,,,0.03,0.09,0.12,0.26,0.25,0.33,0.44,0.47,0.56,0.67,0.66,0.69,0.85,0.78,0.79
crib,0.01,0.01,0.01,0.02,0.02,0.02,0.02,0.04,0.03,0.055,0.065,0.13,0.17,0.24,0.27,0.39,0.39,0.48,0.55,0.56,0.7,0.6,0.68
cry,0.01,0.01,0.01,0.02,0.02,0.02,0.04,0.06,0.045,0.05,0.095,0.19,0.27,0.31,0.39,0.46,0.52,0.68,0.69,0.7,0.88,0.81,0.81
cup,0.01,0.02,0.02,0.04,0.04,0.07,0.09,0.15,0.215,0.245,0.325,0.48,0.56,0.61,0.69,0.71,0.74,0.86,0.86,0.89,0.93,0.87,0.88
cut,,,,,,,,,0.0,0.03,0.03,0.07,0.09,0.13,0.18,0.25,0.31,0.4,0.45,0.51,0.68,0.61,0.65
cute,0.0,0.01,0.01,0.01,0.02,0.01,0.02,0.04,0.025,0.045,0.065,0.1,0.14,0.19,0.21,0.3,0.33,0.35,0.42,0.44,0.59,0.56,0.6
daddy*,0.16,0.25,0.41,0.45,0.5,0.56,0.58,0.69,0.86,0.8,0.865,0.93,0.93,0.95,0.93,0.94,0.95,0.95,0.96,0.95,0.98,0.95,0.94
dance,0.0,0.01,0.01,0.01,0.02,0.03,0.05,0.07,0.07,0.10500000000000001,0.15,0.25,0.25,0.34,0.38,0.52,0.53,0.64,0.65,0.69,0.82,0.77,0.8
dark,0.0,0.01,0.01,0.01,0.01,0.01,0.02,0.03,0.025,0.035,0.07,0.1,0.13,0.15,0.21,0.29,0.39,0.48,0.46,0.51,0.72,0.64,0.66
day,0.0,0.01,0.01,0.02,0.02,0.02,0.02,0.02,0.01,0.03,0.035,0.07,0.07,0.1,0.16,0.22,0.22,0.3,0.33,0.44,0.51,0.51,0.56
deer,0.01,0.01,0.02,0.01,0.01,0.03,0.03,0.04,0.045,0.07500000000000001,0.09,0.16,0.14,0.23,0.25,0.34,0.34,0.37,0.42,0.44,0.65,0.51,0.53
diaper,0.01,0.02,0.01,0.02,0.05,0.06,0.09,0.15,0.24,0.265,0.355,0.49,0.52,0.57,0.65,0.71,0.74,0.85,0.84,0.85,0.94,0.89,0.87
did/did ya,,,,,,,,,0.02,0.03,0.04,0.06,0.07,0.09,0.11,0.2,0.21,0.25,0.32,0.42,0.56,0.47,0.57
dinner,0.0,0.01,0.0,0.02,0.01,0.02,0.02,0.05,0.045,0.07,0.1,0.17,0.2,0.27,0.34,0.43,0.48,0.59,0.6,0.65,0.79,0.72,0.75
dirty,0.0,0.01,0.0,0.02,0.02,0.03,0.02,0.07,0.07,0.10500000000000001,0.16999999999999998,0.27,0.34,0.4,0.42,0.52,0.61,0.7,0.71,0.72,0.87,0.8,0.82
dish,0.0,0.01,0.01,0.01,0.01,0.02,0.02,0.04,0.02,0.035,0.05,0.11,0.13,0.18,0.19,0.25,0.3,0.34,0.37,0.47,0.63,0.47,0.54
do,,,,,,,,,0.04,0.09,0.11,0.17,0.2,0.27,0.29,0.38,0.44,0.5,0.53,0.61,0.77,0.66,0.69
doctor,,,,,,,,,0.06,0.04,0.09,0.17,0.2,0.24,0.27,0.33,0.41,0.55,0.55,0.62,0.77,0.71,0.76
does,,,,,,,,,0.0,0.02,0.02,0.03,0.02,0.03,0.05,0.09,0.09,0.14,0.18,0.22,0.34,0.34,0.36
dog,0.04,0.03,0.08,0.15,0.2,0.3,0.35,0.51,0.625,0.605,0.6950000000000001,0.78,0.81,0.82,0.83,0.86,0.89,0.93,0.93,0.94,0.98,0.95,0.94
doll,0.02,0.01,0.04,0.04,0.04,0.05,0.1,0.14,0.15500000000000003,0.19,0.265,0.35,0.4,0.41,0.48,0.51,0.52,0.65,0.64,0.67,0.83,0.7,0.72
don't,0.0,0.02,0.03,0.01,0.03,0.04,0.05,0.08,0.07500000000000001,0.07500000000000001,0.10500000000000001,0.1,0.17,0.15,0.2,0.28,0.34,0.44,0.43,0.51,0.71,0.59,0.67
donkey,0.01,0.0,0.02,0.02,0.01,0.02,0.02,0.01,0.02,0.055,0.06,0.1,0.11,0.16,0.19,0.26,0.27,0.3,0.3,0.34,0.53,0.4,0.45
donut,,,,,,,,,0.02,0.05,0.08,0.12,0.13,0.17,0.23,0.27,0.32,0.42,0.49,0.51,0.67,0.57,0.63
door,0.01,0.01,0.02,0.02,0.03,0.05,0.05,0.12,0.185,0.225,0.265,0.41,0.46,0.52,0.6,0.65,0.73,0.8,0.8,0.86,0.93,0.85,0.87
down,0.0,0.02,0.01,0.04,0.04,0.07,0.08,0.16,0.225,0.275,0.35,0.46,0.49,0.54,0.55,0.62,0.68,0.75,0.73,0.76,0.89,0.81,0.82
downtown,,,,,,,,,0.0,0.01,0.01,0.03,0.02,0.03,0.03,0.06,0.08,0.1,0.11,0.15,0.22,0.2,0.22
draw,0.0,0.01,0.01,0.01,0.01,0.02,0.03,0.03,0.025,0.045,0.060000000000000005,0.15,0.14,0.2,0.29,0.35,0.4,0.51,0.51,0.59,0.73,0.67,0.7
drawer,0.01,0.01,0.0,0.01,0.01,0.01,0.02,0.03,0.015,0.03,0.045,0.08,0.09,0.11,0.18,0.21,0.27,0.33,0.37,0.47,0.61,0.5,0.57
dress (object),0.01,0.0,0.01,0.01,0.01,0.03,0.03,0.05,0.04,0.05,0.08,0.14,0.18,0.21,0.29,0.36,0.41,0.45,0.53,0.56,0.7,0.61,0.66
drink (action),0.0,0.01,0.02,0.04,0.02,0.05,0.05,0.08,0.135,0.125,0.18,0.35,0.35,0.45,0.48,0.56,0.62,0.75,0.73,0.74,0.89,0.8,0.82
drink (beverage),0.02,0.01,0.02,0.04,0.03,0.07,0.09,0.13,0.15,0.18,0.26,0.37,0.4,0.46,0.52,0.61,0.62,0.7,0.72,0.74,0.88,0.77,0.78
drive,0.0,0.01,0.0,0.01,0.01,0.01,0.02,0.04,0.015,0.04,0.055,0.14,0.12,0.2,0.24,0.37,0.42,0.52,0.52,0.57,0.78,0.67,0.71
drop,,,,,,,,,0.02,0.04,0.05,0.11,0.12,0.12,0.21,0.29,0.36,0.45,0.48,0.52,0.71,0.61,0.66
dry (action),,,,,,,,,0.01,0.03,0.05,0.08,0.1,0.13,0.16,0.27,0.29,0.37,0.39,0.48,0.67,0.56,0.59
dry (description),0.0,0.01,0.0,0.02,0.01,0.02,0.01,0.02,0.02,0.03,0.05,0.11,0.1,0.15,0.19,0.29,0.33,0.38,0.43,0.47,0.71,0.6,0.63
dryer,,,,,,,,,0.0,0.02,0.03,0.09,0.06,0.09,0.14,0.19,0.21,0.28,0.33,0.39,0.56,0.46,0.5
duck,0.02,0.01,0.03,0.07,0.08,0.17,0.15,0.31,0.41500000000000004,0.41000000000000003,0.49,0.62,0.63,0.67,0.7,0.76,0.8,0.85,0.87,0.89,0.96,0.88,0.89
dump,,,,,,,,,0.01,0.02,0.02,0.05,0.08,0.08,0.12,0.18,0.22,0.25,0.26,0.33,0.44,0.43,0.42
each,,,,,,,,,0.0,0.02,0.02,0.02,0.01,0.01,0.04,0.03,0.05,0.06,0.08,0.15,0.14,0.18,0.2
ear,0.01,0.01,0.01,0.02,0.03,0.05,0.1,0.17,0.28,0.315,0.42,0.61,0.66,0.68,0.76,0.79,0.83,0.87,0.88,0.9,0.96,0.9,0.9
eat,0.02,0.01,0.01,0.04,0.05,0.07,0.09,0.14,0.17,0.20500000000000002,0.29,0.47,0.47,0.55,0.66,0.68,0.74,0.83,0.82,0.86,0.94,0.89,0.89
egg,0.0,0.01,0.02,0.02,0.03,0.04,0.05,0.11,0.1,0.19,0.21500000000000002,0.34,0.36,0.45,0.52,0.6,0.65,0.69,0.75,0.76,0.88,0.82,0.82
elephant,0.01,0.01,0.01,0.02,0.02,0.04,0.03,0.07,0.07,0.12,0.17,0.28,0.31,0.34,0.48,0.56,0.64,0.67,0.71,0.76,0.88,0.81,0.84
empty,0.0,0.01,0.01,0.01,0.01,0.02,0.02,0.04,0.035,0.04,0.08,0.14,0.14,0.19,0.22,0.3,0.37,0.43,0.44,0.52,0.66,0.58,0.63
every,,,,,,,,,0.0,0.02,0.02,0.02,0.01,0.02,0.03,0.07,0.08,0.11,0.15,0.19,0.26,0.31,0.32
eye,0.02,0.01,0.03,0.03,0.05,0.11,0.11,0.23,0.375,0.385,0.51,0.67,0.73,0.75,0.8,0.83,0.87,0.92,0.88,0.93,0.97,0.93,0.93
face,0.0,0.01,0.01,0.03,0.02,0.04,0.03,0.06,0.045,0.08,0.10500000000000001,0.22,0.22,0.26,0.4,0.44,0.54,0.63,0.64,0.72,0.84,0.77,0.8
fall,0.0,0.01,0.0,0.02,0.02,0.01,0.02,0.05,0.035,0.06,0.08499999999999999,0.19,0.23,0.26,0.39,0.47,0.56,0.65,0.7,0.7,0.86,0.78,0.79
farm,,,,,,,,,0.01,0.02,0.02,0.08,0.1,0.14,0.15,0.25,0.27,0.34,0.41,0.42,0.57,0.5,0.58
fast,0.0,0.01,0.01,0.02,0.01,0.01,0.02,0.04,0.01,0.04,0.060000000000000005,0.08,0.13,0.17,0.24,0.35,0.41,0.47,0.52,0.56,0.72,0.68,0.72
feed,0.0,0.01,0.01,0.02,0.01,0.01,0.02,0.04,0.015,0.03,0.03,0.09,0.1,0.13,0.16,0.25,0.29,0.36,0.42,0.48,0.66,0.53,0.6
find,,,,,,,,,0.02,0.03,0.04,0.1,0.12,0.18,0.23,0.34,0.38,0.48,0.48,0.56,0.76,0.68,0.71
fine,0.0,0.01,0.0,0.01,0.01,0.01,0.02,0.02,0.005,0.015,0.025,0.02,0.03,0.05,0.07,0.11,0.14,0.18,0.2,0.28,0.38,0.33,0.4
finger,0.02,0.0,0.02,0.02,0.02,0.04,0.04,0.07,0.07,0.12,0.155,0.32,0.38,0.43,0.51,0.62,0.67,0.73,0.74,0.79,0.89,0.82,0.87
finish,0.0,0.0,0.01,0.02,0.02,0.03,0.05,0.05,0.015,0.045,0.07,0.08,0.08,0.08,0.15,0.25,0.26,0.31,0.36,0.38,0.56,0.55,0.63
fireman,,,,,,,,,0.0,0.03,0.02,0.04,0.04,0.09,0.11,0.18,0.24,0.3,0.34,0.42,0.58,0.53,0.57
firetruck,0.01,0.01,0.0,0.04,0.03,0.02,0.02,0.07,0.035,0.07,0.12000000000000001,0.15,0.2,0.26,0.36,0.45,0.51,0.61,0.65,0.64,0.82,0.74,0.78
first,,,,,,,,,0.0,0.02,0.02,0.04,0.05,0.06,0.12,0.15,0.18,0.25,0.28,0.38,0.53,0.49,0.54
fish (animal),0.02,0.01,0.01,0.04,0.05,0.09,0.12,0.21,0.245,0.30000000000000004,0.39,0.52,0.55,0.58,0.67,0.72,0.78,0.87,0.84,0.86,0.95,0.91,0.92
fish (food),0.01,0.0,0.01,0.02,0.02,0.02,0.03,0.07,0.11,0.135,0.18,0.32,0.34,0.37,0.4,0.48,0.53,0.62,0.6,0.59,0.82,0.72,0.77
fit,,,,,,,,,0.0,0.02,0.02,0.06,0.03,0.05,0.09,0.16,0.21,0.23,0.3,0.34,0.51,0.44,0.53
fix,,,,,,,,,0.02,0.03,0.05,0.13,0.14,0.19,0.24,0.35,0.41,0.51,0.54,0.6,0.79,0.66,0.73
flag,,,,,,,,,0.01,0.04,0.07,0.13,0.11,0.17,0.19,0.24,0.32,0.41,0.44,0.43,0.65,0.51,0.58
flower,0.01,0.0,0.02,0.02,0.03,0.04,0.05,0.13,0.16,0.20500000000000002,0.26,0.44,0.47,0.5,0.55,0.66,0.7,0.81,0.77,0.84,0.92,0.86,0.89
food,0.01,0.02,0.02,0.02,0.04,0.05,0.05,0.08,0.07500000000000001,0.14,0.19,0.25,0.3,0.34,0.41,0.5,0.54,0.62,0.64,0.67,0.82,0.77,0.8
foot,0.02,0.01,0.01,0.03,0.03,0.05,0.05,0.13,0.135,0.19,0.29,0.41,0.46,0.5,0.55,0.65,0.73,0.81,0.81,0.85,0.94,0.87,0.86
for,,,,,,,,,0.0,0.02,0.02,0.03,0.04,0.05,0.08,0.12,0.16,0.21,0.28,0.36,0.5,0.45,0.51
fork,0.0,0.01,0.0,0.01,0.02,0.03,0.04,0.07,0.065,0.13,0.185,0.33,0.38,0.42,0.5,0.63,0.67,0.74,0.76,0.79,0.9,0.78,0.81
french fries,,,,,,,,,0.07,0.08,0.15,0.27,0.3,0.32,0.42,0.47,0.53,0.65,0.68,0.7,0.87,0.74,0.79
friend,,,,,,,,,0.02,0.03,0.04,0.1,0.11,0.15,0.22,0.29,0.34,0.38,0.44,0.47,0.65,0.63,0.69
frog,0.01,0.01,0.01,0.02,0.02,0.03,0.03,0.07,0.1,0.14,0.19,0.34,0.37,0.39,0.48,0.57,0.65,0.73,0.71,0.77,0.88,0.81,0.83
full,,,,,,,,,0.01,0.02,0.04,0.08,0.09,0.13,0.16,0.21,0.29,0.33,0.38,0.46,0.64,0.56,0.64
game,,,,,,,,,0.01,0.03,0.06,0.09,0.11,0.16,0.24,0.26,0.33,0.42,0.45,0.49,0.71,0.61,0.69
garage,0.01,0.01,0.0,0.01,0.01,0.02,0.01,0.03,0.01,0.025,0.035,0.09,0.1,0.13,0.18,0.24,0.3,0.38,0.4,0.45,0.66,0.51,0.57
garbage,,,,,,,,,0.04,0.06,0.09,0.15,0.18,0.24,0.27,0.39,0.45,0.46,0.5,0.57,0.67,0.66,0.7
garden,0.01,0.0,0.0,0.01,0.01,0.0,0.02,0.02,0.005,0.02,0.04,0.06,0.06,0.09,0.13,0.2,0.24,0.25,0.32,0.36,0.51,0.47,0.51
gas station,,,,,,,,,0.0,0.02,0.02,0.03,0.04,0.04,0.1,0.11,0.17,0.22,0.28,0.32,0.51,0.45,0.5
gentle,0.0,0.01,0.01,0.02,0.01,0.01,0.01,0.04,0.03,0.07,0.095,0.13,0.11,0.17,0.2,0.28,0.33,0.39,0.37,0.42,0.54,0.51,0.58
get,0.0,0.01,0.01,0.03,0.02,0.03,0.03,0.04,0.05500000000000001,0.065,0.08,0.21,0.21,0.26,0.34,0.39,0.48,0.58,0.6,0.62,0.82,0.73,0.76
giraffe,0.01,0.01,0.01,0.01,0.01,0.02,0.03,0.04,0.065,0.10500000000000001,0.14,0.21,0.21,0.3,0.31,0.46,0.53,0.57,0.57,0.62,0.79,0.71,0.75
girl,0.0,0.01,0.01,0.01,0.02,0.02,0.03,0.06,0.07,0.07,0.105,0.25,0.26,0.3,0.36,0.4,0.46,0.52,0.59,0.6,0.78,0.69,0.73
give,0.0,0.01,0.01,0.02,0.02,0.02,0.03,0.04,0.025,0.035,0.045,0.1,0.13,0.16,0.22,0.31,0.38,0.48,0.51,0.55,0.75,0.69,0.73
give me five!,,,,,,,,,0.09,0.1,0.16,0.23,0.24,0.3,0.32,0.37,0.44,0.54,0.51,0.57,0.69,0.67,0.73
glass,0.01,0.01,0.01,0.01,0.01,0.02,0.03,0.05,0.03,0.045,0.05500000000000001,0.13,0.15,0.15,0.24,0.33,0.37,0.43,0.47,0.53,0.7,0.59,0.66
glasses,0.01,0.01,0.01,0.01,0.01,0.02,0.03,0.09,0.07,0.095,0.14,0.25,0.26,0.3,0.37,0.47,0.52,0.62,0.63,0.62,0.84,0.69,0.72
gloves,,,,,,,,,0.0,0.04,0.05,0.09,0.12,0.12,0.21,0.29,0.35,0.38,0.47,0.44,0.6,0.58,0.59
glue,,,,,,,,,0.0,0.02,0.02,0.04,0.05,0.06,0.1,0.1,0.14,0.2,0.22,0.3,0.48,0.36,0.46
go,0.0,0.02,0.03,0.03,0.04,0.07,0.1,0.17,0.225,0.25,0.345,0.5,0.54,0.6,0.68,0.68,0.76,0.83,0.82,0.84,0.93,0.89,0.91
go potty,,,,,,,,,0.07,0.11,0.17,0.26,0.33,0.35,0.46,0.53,0.59,0.69,0.7,0.76,0.87,0.79,0.81
gonna get you!,,,,,,,,,0.07,0.1,0.15,0.2,0.22,0.26,0.3,0.38,0.43,0.55,0.57,0.58,0.74,0.63,0.71
gonna/going to,,,,,,,,,0.01,0.03,0.05,0.06,0.07,0.11,0.13,0.23,0.25,0.29,0.38,0.42,0.59,0.53,0.58
good,0.01,0.01,0.02,0.02,0.02,0.03,0.03,0.06,0.065,0.095,0.125,0.2,0.24,0.28,0.32,0.4,0.48,0.56,0.6,0.64,0.81,0.76,0.76
goose,0.01,0.01,0.01,0.01,0.02,0.02,0.02,0.03,0.035,0.065,0.08499999999999999,0.13,0.13,0.18,0.19,0.26,0.31,0.34,0.41,0.4,0.6,0.42,0.47
gotta/got to,,,,,,,,,0.01,0.02,0.03,0.03,0.03,0.04,0.08,0.12,0.13,0.14,0.2,0.24,0.37,0.32,0.39
grandma*,0.04,0.04,0.1,0.08,0.12,0.17,0.18,0.23,0.37,0.41500000000000004,0.52,0.63,0.66,0.71,0.76,0.81,0.83,0.88,0.86,0.88,0.94,0.9,0.87
grandpa*,0.03,0.03,0.07,0.07,0.07,0.16,0.16,0.18,0.32,0.37,0.44,0.56,0.59,0.62,0.7,0.76,0.76,0.82,0.84,0.83,0.91,0.86,0.84
grapes,,,,,,,,,0.09,0.14,0.21,0.31,0.34,0.41,0.44,0.59,0.62,0.72,0.72,0.74,0.88,0.78,0.82
grass,,,,,,,,,0.06,0.09,0.14,0.22,0.26,0.29,0.39,0.47,0.54,0.65,0.65,0.69,0.85,0.75,0.78
green,,,,,,,,,0.03,0.08,0.1,0.2,0.2,0.29,0.31,0.47,0.5,0.58,0.57,0.64,0.79,0.75,0.79
green beans,,,,,,,,,0.03,0.05,0.07,0.13,0.12,0.17,0.19,0.29,0.3,0.36,0.39,0.44,0.56,0.44,0.53
grrr,0.05,0.09,0.18,0.16,0.18,0.25,0.31,0.35,0.5,0.495,0.56,0.64,0.65,0.67,0.65,0.74,0.77,0.78,0.76,0.8,0.9,0.79,0.82
gum,,,,,,,,,0.02,0.03,0.06,0.1,0.11,0.1,0.18,0.19,0.22,0.31,0.35,0.38,0.55,0.43,0.45
hafta/have to,,,,,,,,,0.01,0.02,0.02,0.04,0.03,0.04,0.06,0.13,0.15,0.18,0.26,0.34,0.45,0.43,0.49
hair,0.01,0.01,0.01,0.02,0.03,0.06,0.08,0.13,0.18,0.245,0.335,0.48,0.54,0.6,0.66,0.74,0.77,0.83,0.82,0.86,0.96,0.89,0.89
hamburger,,,,,,,,,0.02,0.05,0.07,0.12,0.17,0.19,0.28,0.31,0.4,0.5,0.54,0.59,0.75,0.65,0.73
hammer,0.01,0.01,0.0,0.02,0.01,0.02,0.02,0.05,0.025,0.045,0.065,0.12,0.14,0.17,0.22,0.3,0.35,0.4,0.44,0.49,0.69,0.55,0.6
hand,0.01,0.01,0.02,0.02,0.03,0.05,0.04,0.08,0.095,0.135,0.22,0.34,0.4,0.53,0.56,0.68,0.72,0.79,0.8,0.83,0.93,0.9,0.87
happy,0.0,0.01,0.02,0.02,0.02,0.01,0.03,0.07,0.07,0.11,0.165,0.22,0.28,0.31,0.35,0.46,0.5,0.6,0.6,0.68,0.77,0.75,0.8
hard,0.0,0.01,0.01,0.01,0.01,0.0,0.02,0.03,0.01,0.025,0.025,0.07,0.06,0.1,0.12,0.2,0.24,0.32,0.33,0.39,0.59,0.56,0.57
hat,0.02,0.01,0.01,0.03,0.05,0.05,0.12,0.21,0.275,0.33999999999999997,0.455,0.56,0.62,0.67,0.7,0.79,0.79,0.85,0.85,0.84,0.93,0.87,0.88
hate,,,,,,,,,0.0,0.02,0.01,0.02,0.01,0.01,0.02,0.05,0.04,0.08,0.1,0.14,0.2,0.18,0.2
have,,,,,,,,,0.01,0.03,0.04,0.1,0.11,0.16,0.2,0.3,0.37,0.43,0.49,0.54,0.72,0.64,0.7
he,,,,,,,,,0.0,0.02,0.03,0.04,0.06,0.09,0.14,0.16,0.21,0.25,0.32,0.43,0.56,0.54,0.57
head,0.01,0.01,0.01,0.02,0.04,0.05,0.05,0.09,0.11499999999999999,0.18,0.23,0.36,0.41,0.46,0.55,0.64,0.71,0.76,0.76,0.8,0.92,0.86,0.86
hear,,,,,,,,,0.02,0.03,0.03,0.09,0.08,0.1,0.17,0.24,0.31,0.37,0.41,0.47,0.65,0.6,0.66
heavy,,,,,,,,,0.03,0.05,0.05,0.13,0.17,0.2,0.29,0.36,0.44,0.52,0.55,0.62,0.78,0.72,0.75
helicopter,,,,,,,,,0.02,0.05,0.07,0.14,0.14,0.21,0.29,0.4,0.45,0.53,0.58,0.59,0.77,0.65,0.71
hello,0.0,0.02,0.04,0.05,0.05,0.1,0.16,0.19,0.33499999999999996,0.37,0.405,0.52,0.57,0.64,0.66,0.72,0.72,0.73,0.73,0.76,0.81,0.83,0.88
help,0.0,0.01,0.01,0.02,0.01,0.02,0.04,0.09,0.075,0.14500000000000002,0.21500000000000002,0.27,0.32,0.38,0.46,0.55,0.6,0.7,0.73,0.74,0.88,0.82,0.85
hen,,,,,,,,,0.01,0.03,0.02,0.05,0.05,0.11,0.11,0.15,0.17,0.2,0.21,0.24,0.44,0.28,0.31
her,0.0,0.01,0.01,0.01,0.02,0.01,0.01,0.03,0.005,0.025,0.02,0.04,0.04,0.05,0.08,0.12,0.15,0.21,0.24,0.31,0.42,0.41,0.47
here,,,,,,,,,0.03,0.06,0.09,0.12,0.18,0.21,0.31,0.36,0.43,0.5,0.54,0.59,0.78,0.69,0.71
hers,,,,,,,,,0.0,0.02,0.02,0.02,0.03,0.03,0.06,0.08,0.1,0.13,0.15,0.22,0.32,0.28,0.35
hi,0.06,0.14,0.17,0.23,0.26,0.34,0.41,0.55,0.585,0.5900000000000001,0.69,0.75,0.72,0.79,0.8,0.79,0.86,0.91,0.9,0.92,0.96,0.91,0.9
hide,,,,,,,,,0.01,0.03,0.05,0.12,0.13,0.2,0.27,0.35,0.42,0.51,0.53,0.57,0.76,0.69,0.73
high,,,,,,,,,0.01,0.03,0.05,0.08,0.08,0.15,0.19,0.26,0.33,0.41,0.42,0.48,0.66,0.61,0.66
high chair,0.01,0.01,0.01,0.02,0.02,0.03,0.02,0.04,0.045,0.07,0.115,0.18,0.18,0.24,0.29,0.37,0.4,0.44,0.51,0.51,0.69,0.56,0.62
him,,,,,,,,,0.0,0.02,0.01,0.04,0.03,0.05,0.08,0.11,0.13,0.17,0.24,0.29,0.41,0.38,0.45
his,0.0,0.01,0.01,0.02,0.01,0.01,0.02,0.03,0.005,0.02,0.02,0.02,0.03,0.05,0.08,0.1,0.13,0.18,0.2,0.26,0.38,0.36,0.43
hit,0.0,0.01,0.02,0.02,0.02,0.02,0.03,0.03,0.025,0.045,0.05500000000000001,0.13,0.16,0.18,0.31,0.39,0.43,0.58,0.57,0.63,0.8,0.7,0.76
hold,,,,,,,,,0.02,0.03,0.06,0.14,0.13,0.19,0.27,0.37,0.42,0.49,0.55,0.58,0.78,0.66,0.7
home,0.0,0.01,0.02,0.02,0.03,0.03,0.04,0.07,0.08499999999999999,0.14,0.195,0.34,0.4,0.44,0.53,0.6,0.68,0.76,0.77,0.8,0.9,0.82,0.83
horse,0.01,0.01,0.0,0.03,0.02,0.05,0.06,0.13,0.14500000000000002,0.19,0.255,0.41,0.42,0.48,0.58,0.66,0.72,0.79,0.76,0.85,0.93,0.87,0.87
hose,,,,,,,,,0.01,0.03,0.04,0.09,0.09,0.11,0.17,0.23,0.28,0.35,0.38,0.42,0.63,0.51,0.53
hot,0.0,0.01,0.03,0.03,0.05,0.09,0.15,0.24,0.35,0.345,0.46,0.59,0.63,0.68,0.64,0.71,0.77,0.84,0.82,0.8,0.95,0.88,0.87
house,0.0,0.01,0.01,0.01,0.02,0.02,0.03,0.07,0.07500000000000001,0.1,0.14,0.28,0.3,0.37,0.43,0.5,0.59,0.67,0.69,0.72,0.85,0.81,0.83
how,0.0,0.02,0.02,0.01,0.01,0.01,0.02,0.02,0.0,0.02,0.025,0.03,0.05,0.05,0.08,0.12,0.14,0.17,0.24,0.3,0.41,0.4,0.46
hug,0.01,0.01,0.02,0.02,0.03,0.05,0.06,0.08,0.12,0.14500000000000002,0.22,0.32,0.38,0.41,0.49,0.61,0.64,0.73,0.74,0.79,0.89,0.84,0.85
hungry,0.0,0.01,0.0,0.02,0.02,0.03,0.04,0.04,0.04,0.07500000000000001,0.1,0.18,0.21,0.25,0.33,0.39,0.48,0.54,0.56,0.66,0.8,0.75,0.78
hurry,0.0,0.01,0.01,0.01,0.01,0.01,0.02,0.04,0.015,0.03,0.035,0.07,0.07,0.1,0.15,0.17,0.24,0.33,0.37,0.4,0.62,0.52,0.58
hurt,0.0,0.01,0.0,0.02,0.02,0.02,0.02,0.03,0.035,0.045,0.07500000000000001,0.15,0.21,0.2,0.27,0.4,0.45,0.57,0.56,0.6,0.79,0.69,0.73
ice,,,,,,,,,0.07,0.12,0.16,0.28,0.31,0.37,0.39,0.48,0.54,0.63,0.67,0.65,0.83,0.72,0.75
ice cream,0.01,0.01,0.01,0.02,0.02,0.03,0.03,0.07,0.08499999999999999,0.1,0.16,0.28,0.32,0.38,0.45,0.57,0.65,0.73,0.77,0.81,0.9,0.86,0.88
if,,,,,,,,,0.0,0.02,0.02,0.02,0.02,0.01,0.04,0.04,0.04,0.07,0.09,0.12,0.18,0.2,0.24
in,0.0,0.01,0.02,0.01,0.02,0.02,0.03,0.05,0.05,0.09,0.09,,,,,,,,,,,,
inside,0.0,0.01,0.01,0.02,0.01,0.01,0.02,0.04,0.02,0.05,0.06,,,,,,,,,,,,
inside/in,,,,,,,,,0.05,0.08,0.14,0.21,0.24,0.25,0.38,0.45,0.51,0.58,0.61,0.63,0.82,0.7,0.75
into,,,,,,,,,0.0,0.02,0.02,0.02,0.02,0.02,0.06,0.08,0.09,0.11,0.16,0.19,0.3,0.28,0.34
is,,,,,,,,,0.02,0.03,0.03,0.06,0.07,0.07,0.16,0.18,0.21,0.27,0.36,0.42,0.56,0.51,0.6
it,0.02,0.01,0.02,0.02,0.02,0.02,0.03,0.06,0.04,0.045,0.060000000000000005,0.13,0.14,0.16,0.23,0.28,0.31,0.41,0.41,0.47,0.67,0.59,0.65
jacket,0.0,0.0,0.0,0.01,0.02,0.02,0.03,0.06,0.06,0.11,0.15000000000000002,0.25,0.27,0.31,0.42,0.5,0.55,0.61,0.63,0.68,0.81,0.77,0.77
jar,,,,,,,,,0.07,0.08,0.09,0.14,0.18,0.18,0.23,0.26,0.24,0.26,0.29,0.33,0.41,0.41,0.41
jeans,0.0,0.01,0.01,0.01,0.02,0.02,0.03,0.04,0.015,0.03,0.04,0.08,0.09,0.15,0.18,0.21,0.29,0.32,0.37,0.33,0.56,0.49,0.56
jello,,,,,,,,,0.01,0.03,0.06,0.09,0.09,0.11,0.12,0.14,0.18,0.29,0.28,0.31,0.54,0.33,0.38
jelly,,,,,,,,,0.01,0.02,0.05,0.1,0.11,0.12,0.18,0.23,0.27,0.38,0.41,0.41,0.67,0.48,0.53
juice,0.03,0.02,0.02,0.05,0.05,0.07,0.12,0.24,0.345,0.275,0.33,0.57,0.6,0.63,0.68,0.67,0.77,0.83,0.82,0.84,0.94,0.86,0.89
jump,0.0,0.01,0.01,0.02,0.01,0.01,0.03,0.07,0.05,0.095,0.14,0.24,0.26,0.29,0.43,0.55,0.61,0.68,0.69,0.71,0.86,0.8,0.85
keys,0.01,0.02,0.01,0.02,0.04,0.05,0.08,0.2,0.23,0.22,0.315,0.4,0.39,0.43,0.46,0.56,0.64,0.73,0.73,0.74,0.92,0.74,0.8
kick,0.01,0.01,0.01,0.01,0.01,0.02,0.03,0.06,0.045,0.07,0.10500000000000001,0.2,0.19,0.22,0.31,0.38,0.47,0.56,0.55,0.62,0.77,0.72,0.74
kiss,0.01,0.01,0.02,0.03,0.02,0.04,0.06,0.09,0.11,0.185,0.235,0.37,0.39,0.45,0.54,0.61,0.68,0.77,0.79,0.82,0.91,0.88,0.87
kitchen,0.0,0.01,0.0,0.02,0.01,0.02,0.02,0.04,0.03,0.05,0.085,0.17,0.19,0.29,0.33,0.42,0.5,0.6,0.63,0.68,0.83,0.74,0.79
kitty,0.03,0.05,0.04,0.07,0.09,0.17,0.2,0.27,0.38,0.33499999999999996,0.39,0.57,0.57,0.58,0.63,0.66,0.72,0.78,0.76,0.81,0.9,0.83,0.81
knee,0.01,0.01,0.02,0.02,0.02,0.04,0.03,0.07,0.095,0.125,0.185,0.28,0.32,0.38,0.44,0.56,0.6,0.69,0.71,0.73,0.85,0.76,0.77
knife,,,,,,,,,0.01,0.03,0.06,0.12,0.15,0.18,0.27,0.38,0.43,0.45,0.56,0.55,0.77,0.64,0.7
knock,,,,,,,,,0.04,0.06,0.09,0.14,0.15,0.17,0.27,0.31,0.38,0.45,0.48,0.52,0.69,0.6,0.65
ladder,,,,,,,,,0.0,0.03,0.03,0.08,0.07,0.13,0.16,0.22,0.27,0.36,0.36,0.42,0.62,0.53,0.56
lady,0.0,0.01,0.01,0.01,0.01,0.01,0.01,0.02,0.02,0.02,0.04,0.08,0.11,0.12,0.16,0.18,0.25,0.29,0.35,0.39,0.55,0.45,0.48
lamb,0.01,0.01,0.02,0.02,0.01,0.03,0.03,0.04,0.03,0.06,0.07,0.12,0.11,0.14,0.22,0.29,0.32,0.38,0.39,0.43,0.61,0.45,0.48
lamp,0.01,0.01,0.01,0.01,0.01,0.01,0.02,0.03,0.015,0.035,0.04,0.08,0.1,0.14,0.17,0.24,0.26,0.31,0.32,0.39,0.54,0.45,0.53
last,,,,,,,,,0.0,0.02,0.02,0.03,0.02,0.03,0.05,0.09,0.1,0.11,0.15,0.2,0.32,0.31,0.36
later,0.0,0.02,0.0,0.02,0.02,0.02,0.01,0.02,0.005,0.025,0.035,0.07,0.09,0.12,0.16,0.22,0.26,0.32,0.36,0.41,0.6,0.53,0.57
lawn mower,,,,,,,,,0.03,0.04,0.07,0.13,0.13,0.18,0.19,0.27,0.29,0.38,0.41,0.45,0.61,0.48,0.49
leg,0.0,0.01,0.01,0.02,0.03,0.03,0.03,0.05,0.04,0.08,0.11,0.25,0.29,0.32,0.46,0.53,0.6,0.69,0.69,0.76,0.87,0.81,0.81
lemme/let me,,,,,,,,,0.01,0.03,0.05,0.07,0.1,0.12,0.2,0.23,0.3,0.4,0.44,0.51,0.68,0.6,0.65
lick,,,,,,,,,0.01,0.03,0.02,0.07,0.06,0.08,0.17,0.21,0.26,0.33,0.36,0.44,0.6,0.54,0.6
light,0.0,0.02,0.0,0.02,0.04,0.06,0.05,0.15,0.195,0.21,0.275,0.39,0.41,0.5,0.56,0.62,0.67,0.76,0.74,0.78,0.91,0.81,0.82
like,,,,,,,,,0.01,0.02,0.03,0.1,0.1,0.12,0.19,0.3,0.37,0.43,0.51,0.57,0.74,0.68,0.74
lion,0.02,0.01,0.02,0.01,0.02,0.02,0.03,0.08,0.08,0.12,0.165,0.25,0.27,0.36,0.41,0.53,0.59,0.67,0.69,0.7,0.86,0.8,0.82
lips,,,,,,,,,0.03,0.06,0.07,0.13,0.15,0.22,0.29,0.36,0.4,0.48,0.52,0.55,0.73,0.66,0.68
listen,,,,,,,,,0.01,0.03,0.03,0.07,0.08,0.09,0.15,0.2,0.26,0.33,0.31,0.42,0.56,0.53,0.6
little (description),0.0,0.01,0.0,0.01,0.02,0.01,0.02,0.03,0.01,0.035,0.05,0.1,0.11,0.15,0.22,0.32,0.39,0.5,0.53,0.55,0.76,0.69,0.72
living room,0.0,0.02,0.01,0.02,0.01,0.01,0.02,0.03,0.005,0.03,0.03,0.06,0.06,0.11,0.16,0.24,0.27,0.33,0.41,0.46,0.6,0.5,0.57
lollipop,,,,,,,,,0.0,0.04,0.06,0.1,0.13,0.14,0.17,0.23,0.27,0.37,0.38,0.46,0.59,0.49,0.6
long,,,,,,,,,0.0,0.02,0.02,0.04,0.03,0.04,0.06,0.11,0.15,0.18,0.21,0.27,0.43,0.41,0.49
look,0.0,0.01,0.02,0.02,0.02,0.03,0.05,0.05,0.055,0.07,0.10500000000000001,0.2,0.18,0.21,0.33,0.4,0.49,0.61,0.64,0.67,0.83,0.78,0.8
loud,,,,,,,,,0.01,0.03,0.04,0.08,0.1,0.13,0.19,0.31,0.35,0.42,0.49,0.54,0.66,0.63,0.71
love,0.0,0.01,0.02,0.02,0.02,0.02,0.06,0.07,0.09,0.095,0.135,0.26,0.29,0.35,0.44,0.47,0.55,0.65,0.67,0.71,0.85,0.8,0.83
lunch,0.0,0.02,0.01,0.01,0.01,0.02,0.03,0.06,0.045,0.06,0.09,0.19,0.2,0.26,0.34,0.41,0.47,0.57,0.63,0.64,0.78,0.73,0.76
mad,,,,,,,,,0.0,0.03,0.03,0.04,0.06,0.07,0.14,0.16,0.23,0.29,0.31,0.43,0.56,0.52,0.56
mailman,,,,,,,,,0.01,0.03,0.03,0.05,0.05,0.1,0.13,0.17,0.18,0.23,0.31,0.36,0.5,0.41,0.45
make,,,,,,,,,0.0,0.02,0.02,0.06,0.06,0.1,0.18,0.22,0.29,0.37,0.41,0.49,0.7,0.59,0.64
man,0.0,0.02,0.01,0.01,0.01,0.01,0.01,0.04,0.035,0.045,0.065,0.15,0.16,0.2,0.27,0.3,0.37,0.44,0.47,0.51,0.7,0.59,0.63
me,0.01,0.02,0.02,0.03,0.04,0.04,0.07,0.12,0.125,0.155,0.215,0.34,0.37,0.42,0.46,0.54,0.6,0.69,0.69,0.76,0.85,0.81,0.83
meat,0.0,0.01,0.0,0.01,0.01,0.01,0.03,0.04,0.035,0.055,0.075,0.14,0.15,0.22,0.22,0.29,0.38,0.41,0.44,0.49,0.65,0.56,0.59
medicine,0.0,0.01,0.0,0.01,0.01,0.03,0.02,0.04,0.035,0.05,0.08499999999999999,0.18,0.19,0.23,0.29,0.36,0.45,0.57,0.6,0.61,0.8,0.67,0.71
melon,,,,,,,,,0.02,0.06,0.06,0.09,0.11,0.17,0.18,0.26,0.3,0.32,0.36,0.4,0.54,0.41,0.52
meow,0.01,0.04,0.05,0.06,0.1,0.15,0.2,0.28,0.44499999999999995,0.49,0.565,0.68,0.71,0.78,0.77,0.81,0.86,0.89,0.88,0.92,0.96,0.91,0.93
milk,0.03,0.02,0.02,0.06,0.1,0.14,0.15,0.25,0.33999999999999997,0.39,0.49,0.64,0.66,0.71,0.71,0.76,0.82,0.88,0.86,0.9,0.95,0.92,0.91
mine,0.02,0.01,0.03,0.02,0.04,0.05,0.08,0.15,0.195,0.215,0.31,0.44,0.49,0.6,0.64,0.66,0.72,0.81,0.79,0.82,0.9,0.88,0.86
mittens,,,,,,,,,0.03,0.04,0.08,0.1,0.13,0.17,0.2,0.27,0.32,0.36,0.37,0.4,0.53,0.51,0.51
mommy*,0.16,0.24,0.43,0.45,0.49,0.57,0.58,0.67,0.855,0.8300000000000001,0.865,0.94,0.95,0.95,0.95,0.93,0.96,0.96,0.96,0.97,0.98,0.97,0.95
money,0.0,0.01,0.02,0.02,0.01,0.02,0.02,0.06,0.045,0.06,0.095,0.21,0.24,0.28,0.32,0.34,0.47,0.56,0.59,0.62,0.84,0.69,0.71
monkey,0.01,0.01,0.02,0.03,0.02,0.03,0.03,0.12,0.10500000000000001,0.195,0.22999999999999998,0.36,0.39,0.44,0.55,0.64,0.7,0.79,0.78,0.81,0.92,0.86,0.9
moo,0.02,0.05,0.07,0.06,0.11,0.14,0.22,0.31,0.505,0.52,0.615,0.75,0.76,0.78,0.79,0.85,0.88,0.88,0.88,0.92,0.95,0.92,0.93
moon,0.01,0.02,0.02,0.02,0.03,0.03,0.06,0.07,0.16,0.21000000000000002,0.27,0.4,0.42,0.49,0.58,0.63,0.68,0.77,0.75,0.77,0.9,0.82,0.85
moose,,,,,,,,,0.02,0.08,0.05,0.1,0.09,0.13,0.15,0.23,0.25,0.28,0.27,0.29,0.49,0.38,0.44
mop,,,,,,,,,0.01,0.03,0.03,0.07,0.08,0.1,0.14,0.16,0.19,0.24,0.25,0.32,0.48,0.34,0.41
more,0.01,0.03,0.02,0.07,0.09,0.13,0.16,0.23,0.27,0.355,0.45,0.45,0.5,0.52,0.59,0.68,0.7,0.75,0.75,0.79,0.91,0.87,0.86
morning,0.0,0.01,0.01,0.02,0.01,0.01,0.02,0.06,0.015,0.035,0.05500000000000001,0.1,0.12,0.15,0.21,0.3,0.3,0.39,0.43,0.53,0.62,0.62,0.68
motorcycle,0.01,0.01,0.0,0.02,0.02,0.01,0.02,0.04,0.02,0.06,0.08,0.13,0.12,0.19,0.29,0.36,0.43,0.47,0.54,0.54,0.75,0.66,0.7
mouse,0.01,0.0,0.01,0.02,0.02,0.02,0.02,0.07,0.065,0.11,0.15,0.26,0.27,0.36,0.44,0.5,0.57,0.61,0.64,0.66,0.85,0.77,0.77
mouth,0.0,0.02,0.01,0.02,0.03,0.06,0.08,0.15,0.17,0.22999999999999998,0.30500000000000005,0.48,0.52,0.56,0.62,0.7,0.73,0.8,0.79,0.85,0.93,0.88,0.87
movie,,,,,,,,,0.02,0.02,0.04,0.08,0.1,0.13,0.16,0.2,0.27,0.32,0.39,0.41,0.59,0.51,0.6
much,,,,,,,,,0.01,0.02,0.03,0.04,0.03,0.04,0.08,0.11,0.14,0.16,0.2,0.21,0.35,0.31,0.39
muffin,,,,,,,,,0.02,0.05,0.07,0.12,0.14,0.21,0.27,0.38,0.39,0.45,0.42,0.51,0.67,0.61,0.66
my,0.01,0.01,0.02,0.02,0.03,0.03,0.04,0.08,0.07500000000000001,0.07,0.1,0.2,0.21,0.25,0.3,0.36,0.47,0.54,0.59,0.58,0.78,0.74,0.74
myself,,,,,,,,,0.0,0.02,0.02,0.02,0.02,0.02,0.07,0.12,0.13,0.16,0.21,0.22,0.39,0.32,0.41
nail,,,,,,,,,0.0,0.03,0.02,0.06,0.08,0.08,0.13,0.19,0.21,0.28,0.29,0.35,0.54,0.45,0.51
nap,0.01,0.02,0.01,0.01,0.02,0.05,0.05,0.08,0.08,0.12,0.175,0.28,0.3,0.37,0.46,0.55,0.61,0.71,0.71,0.76,0.88,0.81,0.81
napkin,,,,,,,,,0.01,0.04,0.07,0.13,0.17,0.24,0.3,0.35,0.44,0.53,0.56,0.56,0.78,0.64,0.66
naughty,0.0,0.01,0.0,0.01,0.01,0.0,0.01,0.03,0.005,0.02,0.035,0.05,0.05,0.04,0.05,0.08,0.15,0.16,0.18,0.2,0.29,0.3,0.28
necklace,0.01,0.0,0.0,0.01,0.01,0.02,0.01,0.04,0.03,0.05,0.07500000000000001,0.17,0.15,0.22,0.24,0.31,0.37,0.43,0.44,0.5,0.69,0.55,0.61
need/need to,,,,,,,,,0.0,0.03,0.05,0.06,0.07,0.1,0.12,0.21,0.24,0.29,0.35,0.41,0.56,0.55,0.59
new,,,,,,,,,0.0,0.02,0.03,0.05,0.07,0.1,0.1,0.18,0.22,0.28,0.34,0.36,0.55,0.5,0.55
next to,,,,,,,,,0.0,0.02,0.02,0.02,0.02,0.02,0.05,0.09,0.11,0.14,0.22,0.25,0.36,0.35,0.36
nice,0.0,0.01,0.01,0.01,0.02,0.02,0.03,0.08,0.05500000000000001,0.055,0.095,0.18,0.21,0.25,0.26,0.35,0.38,0.44,0.49,0.55,0.71,0.64,0.69
night,0.0,0.01,0.03,0.02,0.02,0.03,0.02,0.07,0.06,0.08499999999999999,0.115,0.21,0.22,0.29,0.38,0.44,0.45,0.55,0.58,0.63,0.74,0.68,0.79
night night,0.02,0.03,0.05,0.04,0.09,0.15,0.17,0.27,0.39,0.375,0.47,0.62,0.63,0.68,0.75,0.74,0.78,0.83,0.84,0.87,0.93,0.88,0.87
no,0.03,0.05,0.1,0.11,0.17,0.27,0.33,0.46,0.5900000000000001,0.62,0.715,0.8,0.82,0.85,0.9,0.85,0.91,0.93,0.94,0.94,0.97,0.95,0.97
noisy,,,,,,,,,0.0,0.03,0.03,0.07,0.07,0.1,0.14,0.2,0.24,0.26,0.33,0.38,0.53,0.52,0.52
none,0.0,0.01,0.02,0.02,0.02,0.02,0.02,0.02,0.01,0.03,0.035,0.05,0.06,0.07,0.09,0.15,0.15,0.18,0.21,0.26,0.36,0.36,0.42
noodles,0.01,0.01,0.01,0.02,0.02,0.02,0.03,0.05,0.07,0.12,0.18,0.23,0.26,0.35,0.36,0.45,0.52,0.55,0.58,0.6,0.77,0.68,0.69
nose,0.0,0.02,0.02,0.03,0.04,0.1,0.15,0.24,0.355,0.395,0.495,0.67,0.72,0.74,0.78,0.82,0.86,0.9,0.88,0.9,0.96,0.91,0.92
not,0.0,0.01,0.01,0.01,0.02,0.02,0.02,0.03,0.01,0.025,0.035,0.06,0.06,0.11,0.13,0.18,0.25,0.29,0.36,0.42,0.61,0.51,0.52
now,0.01,0.02,0.02,0.02,0.02,0.02,0.02,0.04,0.03,0.04,0.07,0.11,0.15,0.22,0.25,0.32,0.36,0.44,0.55,0.6,0.74,0.65,0.71
nurse,,,,,,,,,0.01,0.02,0.02,0.03,0.03,0.05,0.05,0.07,0.08,0.13,0.15,0.17,0.29,0.24,0.28
nuts,,,,,,,,,0.0,0.04,0.04,0.1,0.09,0.14,0.16,0.24,0.32,0.32,0.38,0.4,0.58,0.54,0.57
of,,,,,,,,,0.0,0.02,0.01,0.04,0.01,0.02,0.03,0.06,0.09,0.1,0.14,0.21,0.29,0.27,0.33
off,0.01,0.01,0.01,0.02,0.03,0.03,0.04,0.08,0.11499999999999999,0.15000000000000002,0.245,0.36,0.35,0.44,0.49,0.58,0.61,0.68,0.71,0.73,0.88,0.76,0.78
old,0.0,0.01,0.01,0.02,0.01,0.01,0.01,0.02,0.0,0.02,0.015,0.04,0.03,0.07,0.09,0.13,0.17,0.19,0.23,0.3,0.46,0.42,0.46
on,0.0,0.01,0.02,0.03,0.03,0.04,0.03,0.09,0.11499999999999999,0.15000000000000002,0.215,0.32,0.33,0.43,0.51,0.54,0.61,0.69,0.71,0.74,0.89,0.76,0.8
on top of,,,,,,,,,0.01,0.02,0.02,0.03,0.05,0.06,0.1,0.14,0.19,0.24,0.27,0.32,0.48,0.45,0.49
open,0.0,0.01,0.01,0.02,0.02,0.02,0.03,0.08,0.10500000000000001,0.15,0.20500000000000002,0.31,0.35,0.41,0.48,0.56,0.64,0.75,0.74,0.77,0.89,0.84,0.86
orange (description),,,,,,,,,0.03,0.06,0.07,0.2,0.2,0.29,0.33,0.43,0.5,0.58,0.59,0.66,0.79,0.76,0.76
orange (food),0.02,0.0,0.01,0.02,0.02,0.02,0.05,0.06,0.07,0.14,0.16,0.3,0.28,0.36,0.4,0.55,0.62,0.65,0.64,0.73,0.87,0.82,0.84
other,0.0,0.01,0.01,0.02,0.01,0.01,0.01,0.01,0.0,0.02,0.025,0.04,0.03,0.08,0.1,0.18,0.18,0.24,0.29,0.33,0.49,0.41,0.43
ouch,0.02,0.03,0.06,0.05,0.07,0.13,0.16,0.25,0.37,0.395,0.5,0.61,0.64,0.67,0.7,0.77,0.78,0.86,0.82,0.83,0.93,0.86,0.88
our,,,,,,,,,0.0,0.02,0.01,0.02,0.02,0.03,0.05,0.07,0.08,0.11,0.15,0.2,0.3,0.27,0.32
out,0.0,0.01,0.01,0.02,0.02,0.04,0.05,0.1,0.14,0.16,0.22999999999999998,0.34,0.32,0.37,0.44,0.53,0.54,0.63,0.67,0.67,0.83,0.7,0.74
outside,0.01,0.01,0.0,0.03,0.04,0.07,0.06,0.15,0.2,0.235,0.31000000000000005,0.46,0.52,0.57,0.61,0.68,0.7,0.77,0.77,0.8,0.91,0.84,0.83
oven,0.0,0.01,0.0,0.02,0.01,0.01,0.02,0.03,0.015,0.04,0.04,0.09,0.11,0.15,0.22,0.25,0.32,0.37,0.44,0.48,0.64,0.56,0.6
over,,,,,,,,,0.01,0.03,0.04,0.05,0.06,0.11,0.14,0.21,0.26,0.3,0.39,0.42,0.64,0.52,0.57
owie/boo boo,0.02,0.04,0.03,0.03,0.06,0.08,0.1,0.16,0.23500000000000001,0.31,0.375,0.46,0.57,0.6,0.66,0.72,0.72,0.83,0.81,0.81,0.92,0.82,0.82
owl,0.01,0.02,0.02,0.01,0.02,0.02,0.04,0.06,0.11499999999999999,0.16999999999999998,0.215,0.32,0.31,0.35,0.44,0.53,0.53,0.59,0.63,0.65,0.79,0.7,0.72
paint,,,,,,,,,0.0,0.03,0.04,0.07,0.1,0.17,0.2,0.3,0.35,0.4,0.45,0.52,0.7,0.65,0.68
pajamas,0.02,0.01,0.0,0.02,0.02,0.03,0.03,0.08,0.045,0.09,0.14,0.21,0.24,0.33,0.41,0.54,0.58,0.65,0.7,0.72,0.84,0.81,0.84
pancake,,,,,,,,,0.04,0.08,0.11,0.2,0.22,0.25,0.32,0.49,0.52,0.57,0.62,0.64,0.78,0.7,0.78
pants,0.01,0.01,0.01,0.01,0.02,0.02,0.04,0.05,0.07,0.12,0.22,0.29,0.36,0.42,0.52,0.61,0.67,0.71,0.74,0.81,0.9,0.85,0.85
paper,0.01,0.01,0.01,0.01,0.01,0.03,0.03,0.06,0.07,0.07500000000000001,0.125,0.25,0.29,0.36,0.39,0.53,0.58,0.67,0.69,0.71,0.88,0.78,0.81
park,0.0,0.02,0.02,0.02,0.02,0.02,0.02,0.06,0.065,0.115,0.18,0.26,0.28,0.33,0.44,0.52,0.59,0.66,0.68,0.69,0.84,0.78,0.85
party,0.01,0.01,0.01,0.01,0.02,0.01,0.01,0.04,0.01,0.025,0.04,0.09,0.09,0.13,0.17,0.26,0.35,0.47,0.48,0.5,0.71,0.59,0.68
pattycake,0.0,0.02,0.01,0.03,0.04,0.05,0.04,0.1,0.060000000000000005,0.07,0.1,0.21,0.2,0.26,0.27,0.32,0.33,0.45,0.44,0.47,0.67,0.49,0.54
peanut butter,,,,,,,,,0.03,0.07,0.09,0.18,0.18,0.24,0.31,0.42,0.47,0.49,0.58,0.6,0.79,0.66,0.7
peas,0.01,0.01,0.0,0.02,0.01,0.02,0.03,0.07,0.09,0.12000000000000001,0.17,0.26,0.26,0.26,0.33,0.42,0.48,0.52,0.56,0.57,0.7,0.62,0.67
peekaboo,0.01,0.04,0.03,0.05,0.09,0.13,0.1,0.23,0.28500000000000003,0.345,0.42,0.51,0.52,0.56,0.61,0.66,0.72,0.78,0.78,0.79,0.9,0.8,0.85
pen,0.01,0.0,0.01,0.02,0.02,0.02,0.03,0.06,0.045,0.08,0.11,0.23,0.26,0.3,0.36,0.4,0.44,0.55,0.58,0.58,0.79,0.64,0.69
pencil,,,,,,,,,0.01,0.04,0.07,0.15,0.16,0.22,0.22,0.3,0.34,0.46,0.49,0.5,0.74,0.6,0.65
penguin,0.01,0.0,0.02,0.01,0.01,0.01,0.02,0.02,0.025,0.065,0.085,0.13,0.14,0.2,0.29,0.36,0.4,0.42,0.46,0.45,0.64,0.69,0.67
penis*,,,,,,,,,0.04,0.08,0.12,0.15,0.19,0.23,0.24,0.33,0.4,0.41,0.41,0.45,0.6,0.53,0.54
penny,0.01,0.01,0.0,0.02,0.01,0.02,0.03,0.04,0.01,0.025,0.035,0.08,0.11,0.13,0.17,0.18,0.24,0.34,0.36,0.38,0.61,0.36,0.44
people,0.0,0.01,0.0,0.01,0.01,0.01,0.02,0.04,0.025,0.035,0.055,0.12,0.1,0.13,0.19,0.28,0.31,0.34,0.39,0.45,0.61,0.53,0.61
person,0.0,0.01,0.01,0.01,0.01,0.0,0.01,0.02,0.005,0.015,0.02,0.03,0.04,0.05,0.07,0.09,0.11,0.14,0.17,0.22,0.28,0.3,0.35
pet's name,,,,,,,,,0.26,0.29,0.36,0.44,0.41,0.52,0.53,0.53,0.57,0.61,0.65,0.64,0.78,0.69,0.66
pick,,,,,,,,,0.0,0.02,0.03,0.07,0.06,0.09,0.13,0.18,0.23,0.3,0.32,0.41,0.54,0.52,0.58
pickle,,,,,,,,,0.02,0.04,0.08,0.14,0.15,0.17,0.22,0.31,0.34,0.43,0.43,0.45,0.65,0.57,0.58
picnic,,,,,,,,,0.0,0.02,0.03,0.05,0.04,0.06,0.09,0.14,0.19,0.25,0.3,0.34,0.48,0.44,0.48
picture,0.01,0.0,0.0,0.02,0.02,0.01,0.03,0.05,0.035,0.060000000000000005,0.08499999999999999,0.18,0.2,0.25,0.33,0.42,0.48,0.59,0.63,0.67,0.82,0.73,0.78
pig,0.01,0.01,0.02,0.01,0.03,0.05,0.04,0.12,0.14,0.175,0.24,0.43,0.45,0.45,0.57,0.64,0.71,0.78,0.78,0.79,0.91,0.86,0.86
pillow,0.01,0.01,0.01,0.02,0.02,0.02,0.03,0.07,0.07,0.095,0.135,0.28,0.3,0.38,0.44,0.53,0.59,0.68,0.73,0.75,0.9,0.8,0.81
pizza,0.01,0.01,0.01,0.02,0.01,0.03,0.02,0.06,0.08,0.14500000000000002,0.20500000000000002,0.35,0.39,0.45,0.53,0.65,0.69,0.78,0.78,0.82,0.92,0.87,0.91
plant,0.01,0.01,0.0,0.03,0.01,0.01,0.02,0.05,0.025,0.05,0.07,0.11,0.14,0.18,0.21,0.31,0.33,0.39,0.44,0.48,0.64,0.53,0.62
plate,0.0,0.01,0.02,0.02,0.01,0.02,0.02,0.04,0.025,0.065,0.095,0.16,0.23,0.31,0.38,0.47,0.51,0.62,0.61,0.64,0.81,0.74,0.76
play,0.0,0.01,0.01,0.02,0.02,0.03,0.03,0.07,0.065,0.09,0.14,0.23,0.28,0.37,0.44,0.56,0.61,0.68,0.72,0.77,0.88,0.82,0.87
play dough,,,,,,,,,0.01,0.03,0.05,0.08,0.12,0.18,0.23,0.29,0.36,0.41,0.44,0.53,0.64,0.6,0.65
play pen,0.0,0.01,0.0,0.02,0.01,0.02,0.02,0.03,0.005,0.02,0.02,0.04,0.03,0.03,0.05,0.09,0.08,0.11,0.13,0.15,0.3,0.21,0.24
playground,,,,,,,,,0.01,0.03,0.05,0.08,0.09,0.13,0.19,0.32,0.31,0.38,0.41,0.47,0.57,0.6,0.65
please,0.01,0.02,0.01,0.02,0.03,0.06,0.09,0.17,0.245,0.34,0.42,0.57,0.57,0.68,0.73,0.79,0.81,0.87,0.86,0.91,0.96,0.93,0.95
police,,,,,,,,,0.0,0.02,0.02,0.03,0.03,0.07,0.09,0.14,0.19,0.27,0.31,0.35,0.52,0.48,0.55
pony,0.01,0.02,0.01,0.01,0.02,0.03,0.02,0.05,0.03,0.045,0.055,0.1,0.11,0.14,0.22,0.22,0.25,0.32,0.32,0.38,0.54,0.45,0.5
pool,0.01,0.02,0.01,0.01,0.03,0.02,0.02,0.07,0.07,0.1,0.125,0.21,0.27,0.33,0.35,0.43,0.5,0.6,0.62,0.63,0.82,0.71,0.76
poor,,,,,,,,,0.0,0.01,0.02,0.02,0.02,0.02,0.03,0.05,0.06,0.09,0.11,0.12,0.25,0.21,0.24
popcorn,,,,,,,,,0.03,0.07,0.12,0.18,0.22,0.26,0.32,0.39,0.47,0.57,0.57,0.62,0.79,0.71,0.73
popsicle,,,,,,,,,0.03,0.04,0.09,0.13,0.16,0.2,0.28,0.28,0.35,0.45,0.46,0.52,0.69,0.61,0.64
porch,,,,,,,,,0.01,0.01,0.02,0.04,0.06,0.07,0.1,0.13,0.14,0.19,0.22,0.31,0.41,0.28,0.34
potato,,,,,,,,,0.02,0.06,0.08,0.14,0.19,0.2,0.27,0.39,0.41,0.46,0.49,0.53,0.74,0.66,0.66
potato chip,,,,,,,,,0.03,0.07,0.12,0.2,0.24,0.25,0.31,0.37,0.43,0.54,0.64,0.6,0.79,0.67,0.69
potty,0.01,0.02,0.02,0.02,0.03,0.03,0.04,0.08,0.1,0.135,0.245,0.39,0.44,0.49,0.58,0.64,0.68,0.77,0.79,0.79,0.9,0.82,0.83
pour,,,,,,,,,0.0,0.03,0.02,0.06,0.05,0.09,0.14,0.19,0.23,0.3,0.33,0.42,0.57,0.48,0.52
present,,,,,,,,,0.01,0.03,0.05,0.08,0.1,0.17,0.22,0.33,0.44,0.51,0.52,0.56,0.77,0.64,0.67
pretend,,,,,,,,,0.0,0.01,0.02,0.03,0.02,0.02,0.06,0.09,0.12,0.17,0.19,0.26,0.38,0.38,0.44
pretty,0.01,0.01,0.0,0.02,0.03,0.02,0.04,0.07,0.095,0.09,0.11,0.22,0.23,0.26,0.36,0.35,0.39,0.49,0.49,0.5,0.73,0.61,0.66
pretzel,,,,,,,,,0.03,0.06,0.08,0.15,0.16,0.19,0.2,0.28,0.34,0.44,0.4,0.45,0.72,0.5,0.56
pudding,,,,,,,,,0.01,0.02,0.04,0.06,0.07,0.07,0.1,0.13,0.16,0.25,0.23,0.26,0.48,0.35,0.37
pull,0.0,0.01,0.01,0.01,0.01,0.02,0.02,0.04,0.02,0.03,0.045,0.11,0.11,0.16,0.24,0.28,0.34,0.44,0.46,0.53,0.69,0.6,0.65
pumpkin,,,,,,,,,0.03,0.06,0.07,0.16,0.17,0.2,0.25,0.35,0.39,0.46,0.43,0.52,0.7,0.6,0.67
puppy,0.01,0.01,0.02,0.05,0.06,0.07,0.09,0.17,0.2,0.25,0.315,0.44,0.46,0.48,0.58,0.62,0.67,0.74,0.75,0.76,0.88,0.8,0.82
purse,0.01,0.01,0.01,0.01,0.02,0.02,0.02,0.04,0.04,0.060000000000000005,0.095,0.18,0.18,0.21,0.29,0.32,0.38,0.48,0.51,0.54,0.73,0.54,0.63
push,0.0,0.01,0.01,0.01,0.01,0.02,0.02,0.05,0.035,0.065,0.08,0.16,0.19,0.24,0.31,0.4,0.46,0.57,0.55,0.62,0.78,0.73,0.76
put,0.0,0.01,0.01,0.01,0.01,0.01,0.02,0.04,0.01,0.03,0.035,0.09,0.09,0.14,0.16,0.25,0.3,0.4,0.43,0.47,0.65,0.59,0.63
puzzle,,,,,,,,,0.03,0.05,0.09,0.18,0.2,0.25,0.3,0.4,0.48,0.6,0.6,0.64,0.82,0.69,0.75
quack quack,0.02,0.05,0.03,0.06,0.07,0.12,0.19,0.29,0.41000000000000003,0.395,0.485,0.6,0.61,0.7,0.67,0.77,0.79,0.83,0.84,0.85,0.93,0.85,0.9
quiet,,,,,,,,,0.01,0.03,0.04,0.07,0.07,0.14,0.18,0.26,0.33,0.39,0.42,0.46,0.66,0.59,0.66
radio,0.01,0.01,0.0,0.02,0.01,0.01,0.02,0.02,0.01,0.03,0.035,0.07,0.11,0.11,0.2,0.17,0.2,0.28,0.3,0.34,0.59,0.41,0.47
rain,0.01,0.01,0.02,0.02,0.02,0.02,0.03,0.06,0.06,0.1,0.14500000000000002,0.28,0.35,0.4,0.46,0.59,0.65,0.74,0.74,0.77,0.91,0.82,0.86
raisin,0.01,0.01,0.0,0.01,0.01,0.01,0.02,0.04,0.04,0.07500000000000001,0.095,0.2,0.23,0.26,0.31,0.4,0.43,0.56,0.57,0.58,0.77,0.6,0.65
read,0.0,0.01,0.0,0.01,0.01,0.02,0.03,0.09,0.08,0.1,0.135,0.25,0.29,0.34,0.41,0.51,0.58,0.69,0.7,0.7,0.88,0.79,0.78
red,0.0,0.01,0.01,0.02,0.01,0.01,0.03,0.04,0.045,0.07,0.11,0.2,0.23,0.31,0.35,0.48,0.52,0.6,0.63,0.67,0.8,0.77,0.78
refrigerator,0.0,0.01,0.0,0.02,0.01,0.02,0.03,0.04,0.015,0.045,0.05,0.13,0.15,0.16,0.25,0.29,0.37,0.46,0.5,0.57,0.76,0.61,0.67
ride,0.0,0.01,0.01,0.02,0.01,0.03,0.02,0.05,0.025,0.05,0.08,0.16,0.19,0.23,0.31,0.38,0.45,0.58,0.59,0.6,0.82,0.7,0.7
rip,,,,,,,,,0.0,0.02,0.02,0.04,0.04,0.05,0.07,0.13,0.14,0.16,0.22,0.28,0.38,0.37,0.39
rock,0.01,0.01,0.0,0.02,0.02,0.02,0.04,0.08,0.1,0.155,0.20500000000000002,0.32,0.36,0.37,0.49,0.57,0.62,0.68,0.68,0.71,0.87,0.77,0.79
rocking chair,0.01,0.01,0.01,0.02,0.01,0.02,0.01,0.03,0.025,0.04,0.055,0.13,0.15,0.15,0.23,0.24,0.27,0.35,0.39,0.43,0.59,0.46,0.53
roof,,,,,,,,,0.0,0.02,0.02,0.04,0.04,0.07,0.11,0.15,0.19,0.21,0.26,0.3,0.49,0.41,0.48
room,,,,,,,,,0.03,0.05,0.07,0.15,0.18,0.2,0.31,0.38,0.44,0.53,0.58,0.63,0.79,0.65,0.75
rooster,,,,,,,,,0.03,0.03,0.04,0.07,0.09,0.11,0.15,0.24,0.26,0.33,0.35,0.42,0.57,0.42,0.46
run,0.0,0.02,0.01,0.02,0.01,0.01,0.02,0.05,0.025,0.05500000000000001,0.11499999999999999,0.2,0.22,0.27,0.38,0.48,0.54,0.65,0.67,0.67,0.83,0.77,0.81
sad,,,,,,,,,0.01,0.03,0.04,0.09,0.11,0.16,0.22,0.32,0.37,0.43,0.45,0.52,0.69,0.64,0.7
salt,,,,,,,,,0.0,0.02,0.03,0.06,0.06,0.09,0.13,0.2,0.22,0.24,0.3,0.34,0.53,0.43,0.46
same,0.0,0.01,0.01,0.02,0.01,0.01,0.02,0.02,0.005,0.02,0.02,0.02,0.04,0.03,0.06,0.13,0.16,0.16,0.24,0.28,0.33,0.39,0.43
sandbox,,,,,,,,,0.01,0.02,0.05,0.09,0.08,0.12,0.14,0.21,0.28,0.33,0.34,0.43,0.6,0.45,0.5
sandwich,,,,,,,,,0.02,0.04,0.06,0.13,0.15,0.17,0.28,0.38,0.43,0.51,0.53,0.6,0.81,0.72,0.75
sauce,,,,,,,,,0.03,0.02,0.04,0.08,0.1,0.15,0.17,0.28,0.31,0.32,0.31,0.39,0.55,0.51,0.55
say,0.0,0.02,0.01,0.02,0.01,0.01,0.02,0.04,0.02,0.025,0.035,0.1,0.09,0.13,0.15,0.22,0.29,0.35,0.41,0.47,0.63,0.58,0.63
scared,0.0,0.01,0.0,0.01,0.01,0.01,0.02,0.03,0.005,0.02,0.035,0.05,0.07,0.11,0.15,0.26,0.31,0.37,0.43,0.53,0.71,0.61,0.69
scarf,,,,,,,,,0.0,0.02,0.02,0.05,0.04,0.08,0.09,0.15,0.16,0.17,0.2,0.23,0.33,0.34,0.37
school,0.01,0.01,0.01,0.02,0.01,0.01,0.01,0.04,0.03,0.06,0.09,0.19,0.26,0.29,0.36,0.41,0.5,0.62,0.63,0.68,0.81,0.73,0.79
scissors,0.01,0.01,0.0,0.02,0.01,0.01,0.02,0.03,0.01,0.025,0.03,0.1,0.11,0.15,0.22,0.28,0.35,0.45,0.48,0.5,0.73,0.65,0.7
see,0.01,0.02,0.02,0.02,0.02,0.04,0.07,0.1,0.075,0.095,0.125,0.26,0.29,0.33,0.43,0.46,0.55,0.66,0.68,0.73,0.83,0.76,0.79
shake,,,,,,,,,0.02,0.03,0.06,0.12,0.1,0.16,0.2,0.26,0.31,0.36,0.4,0.47,0.59,0.56,0.58
share,,,,,,,,,0.0,0.03,0.03,0.08,0.09,0.15,0.21,0.27,0.34,0.42,0.44,0.52,0.68,0.6,0.68
she,,,,,,,,,0.0,0.02,0.03,0.05,0.04,0.07,0.11,0.12,0.18,0.21,0.3,0.36,0.46,0.48,0.51
sheep,0.01,0.0,0.02,0.01,0.02,0.03,0.05,0.07,0.08,0.13,0.16999999999999998,0.29,0.3,0.32,0.4,0.51,0.56,0.62,0.66,0.67,0.82,0.7,0.72
shh/shush/hush,0.02,0.04,0.04,0.05,0.08,0.08,0.13,0.2,0.29,0.36,0.43,0.56,0.56,0.64,0.68,0.72,0.73,0.84,0.81,0.84,0.91,0.84,0.87
shirt,0.0,0.01,0.01,0.02,0.02,0.03,0.05,0.09,0.09,0.13,0.2,0.33,0.39,0.46,0.54,0.62,0.66,0.74,0.75,0.8,0.91,0.82,0.83
shoe,0.02,0.01,0.01,0.04,0.06,0.11,0.14,0.32,0.43000000000000005,0.475,0.5900000000000001,0.76,0.8,0.83,0.84,0.86,0.9,0.93,0.9,0.95,0.97,0.93,0.94
shopping,,,,,,,,,0.02,0.03,0.06,0.11,0.12,0.13,0.2,0.29,0.35,0.43,0.47,0.52,0.7,0.6,0.66
shorts,0.01,0.01,0.01,0.01,0.02,0.03,0.03,0.06,0.035,0.045,0.07,0.13,0.15,0.21,0.28,0.33,0.44,0.49,0.56,0.59,0.78,0.71,0.72
shoulder,,,,,,,,,0.01,0.03,0.03,0.09,0.1,0.16,0.21,0.28,0.31,0.37,0.4,0.48,0.61,0.55,0.64
shovel,0.0,0.01,0.0,0.02,0.01,0.01,0.02,0.03,0.025,0.045,0.055,0.11,0.13,0.19,0.24,0.31,0.38,0.41,0.45,0.51,0.71,0.59,0.63
show,0.0,0.01,0.01,0.01,0.01,0.01,0.02,0.03,0.005,0.02,0.04,0.06,0.07,0.13,0.16,0.22,0.28,0.34,0.37,0.46,0.62,0.55,0.62
shower,,,,,,,,,0.03,0.08,0.11,0.2,0.24,0.27,0.35,0.44,0.49,0.59,0.6,0.62,0.8,0.71,0.74
sick,0.0,0.01,0.0,0.01,0.01,0.01,0.02,0.03,0.005,0.025,0.03,0.07,0.08,0.13,0.18,0.23,0.29,0.37,0.39,0.5,0.69,0.59,0.66
sidewalk,,,,,,,,,0.0,0.03,0.03,0.07,0.07,0.09,0.15,0.19,0.26,0.32,0.37,0.4,0.59,0.5,0.56
sing,0.0,0.01,0.02,0.03,0.01,0.01,0.04,0.06,0.035,0.04,0.07,0.14,0.16,0.23,0.34,0.39,0.47,0.59,0.6,0.63,0.79,0.7,0.76
sink,0.01,0.01,0.01,0.02,0.01,0.02,0.02,0.05,0.015,0.045,0.060000000000000005,0.13,0.12,0.21,0.27,0.33,0.42,0.47,0.53,0.58,0.75,0.65,0.7
sister,0.0,0.02,0.01,0.03,0.03,0.07,0.05,0.08,0.095,0.1,0.13,0.17,0.23,0.21,0.31,0.31,0.34,0.39,0.42,0.46,0.56,0.56,0.59
sit,,,,,,,,,0.11,0.14,0.21,0.35,0.34,0.4,0.5,0.58,0.64,0.72,0.73,0.73,0.89,0.79,0.8
skate,,,,,,,,,0.0,0.01,0.01,0.03,0.03,0.04,0.06,0.09,0.11,0.14,0.14,0.22,0.39,0.27,0.36
sky,0.0,0.01,0.01,0.01,0.02,0.02,0.02,0.05,0.05,0.07,0.1,0.22,0.24,0.31,0.35,0.41,0.48,0.56,0.59,0.65,0.78,0.66,0.75
sled,,,,,,,,,0.01,0.04,0.06,0.07,0.1,0.13,0.15,0.19,0.19,0.22,0.23,0.3,0.35,0.33,0.33
sleep,0.0,0.01,0.01,0.02,0.02,0.02,0.04,0.06,0.055,0.08499999999999999,0.125,0.23,0.28,0.33,0.41,0.53,0.59,0.68,0.71,0.78,0.88,0.84,0.83
sleepy,0.0,0.01,0.01,0.01,0.02,0.02,0.02,0.06,0.035,0.05,0.075,0.14,0.16,0.2,0.26,0.34,0.4,0.49,0.56,0.56,0.72,0.63,0.67
slide (action),,,,,,,,,0.04,0.06,0.11,0.17,0.2,0.27,0.29,0.4,0.44,0.54,0.56,0.55,0.76,0.64,0.67
slide (object),0.0,0.01,0.0,0.02,0.02,0.02,0.02,0.07,0.08,0.11499999999999999,0.165,0.25,0.31,0.35,0.41,0.54,0.55,0.63,0.65,0.69,0.84,0.73,0.74
slipper,,,,,,,,,0.03,0.03,0.06,0.1,0.12,0.17,0.23,0.32,0.32,0.38,0.41,0.42,0.64,0.51,0.54
slow,,,,,,,,,0.0,0.02,0.02,0.06,0.04,0.1,0.09,0.16,0.21,0.26,0.28,0.36,0.51,0.53,0.57
smile,0.0,0.01,0.0,0.01,0.02,0.01,0.01,0.04,0.015,0.035,0.035,0.1,0.1,0.15,0.19,0.26,0.31,0.4,0.43,0.48,0.64,0.6,0.66
snack,,,,,,,,,0.11,0.13,0.19,0.26,0.28,0.33,0.45,0.52,0.56,0.62,0.64,0.7,0.78,0.73,0.8
sneaker,,,,,,,,,0.01,0.03,0.04,0.07,0.1,0.11,0.14,0.17,0.19,0.26,0.3,0.32,0.46,0.34,0.38
snow,0.01,0.01,0.01,0.02,0.02,0.02,0.01,0.03,0.05,0.08499999999999999,0.10500000000000001,0.16,0.2,0.32,0.32,0.44,0.49,0.49,0.55,0.62,0.7,0.69,0.7
snowman,,,,,,,,,0.02,0.04,0.04,0.08,0.1,0.15,0.21,0.26,0.32,0.35,0.42,0.45,0.59,0.61,0.62
snowsuit,,,,,,,,,0.0,0.02,0.02,0.02,0.02,0.04,0.06,0.1,0.1,0.12,0.15,0.17,0.25,0.23,0.25
so,,,,,,,,,0.0,0.03,0.02,0.03,0.04,0.04,0.08,0.08,0.1,0.12,0.16,0.23,0.29,0.28,0.35
so big!,,,,,,,,,0.06,0.07,0.11,0.14,0.18,0.21,0.25,0.32,0.39,0.45,0.5,0.5,0.6,0.6,0.63
soap,0.0,0.01,0.02,0.02,0.01,0.02,0.02,0.05,0.05500000000000001,0.09,0.125,0.26,0.29,0.4,0.42,0.52,0.6,0.7,0.7,0.72,0.88,0.79,0.78
sock,0.01,0.01,0.0,0.03,0.04,0.05,0.08,0.2,0.26,0.275,0.4,0.48,0.48,0.51,0.55,0.63,0.7,0.76,0.78,0.81,0.93,0.8,0.83
soda/pop,,,,,,,,,0.03,0.06,0.09,0.11,0.19,0.16,0.24,0.17,0.26,0.34,0.36,0.32,0.64,0.41,0.41
sofa,,,,,,,,,0.0,0.03,0.04,0.05,0.07,0.09,0.09,0.15,0.19,0.24,0.26,0.29,0.41,0.38,0.46
soft,0.01,0.01,0.0,0.01,0.01,0.01,0.02,0.04,0.025,0.055,0.065,0.16,0.14,0.16,0.19,0.32,0.35,0.43,0.45,0.5,0.68,0.61,0.65
some,0.0,0.01,0.01,0.02,0.02,0.02,0.02,0.04,0.02,0.03,0.05,0.1,0.13,0.14,0.21,0.26,0.31,0.39,0.43,0.48,0.68,0.56,0.63
soup,,,,,,,,,0.03,0.05,0.09,0.16,0.19,0.25,0.34,0.4,0.46,0.5,0.55,0.56,0.73,0.68,0.72
spaghetti,0.02,0.0,0.01,0.02,0.01,0.03,0.02,0.05,0.04,0.07500000000000001,0.095,0.17,0.2,0.24,0.29,0.39,0.46,0.55,0.55,0.59,0.79,0.66,0.74
spill,,,,,,,,,0.0,0.03,0.03,0.07,0.08,0.13,0.19,0.23,0.29,0.37,0.44,0.48,0.67,0.6,0.63
splash,0.0,0.01,0.0,0.02,0.01,0.02,0.02,0.05,0.04,0.07,0.1,0.15,0.16,0.15,0.26,0.32,0.4,0.46,0.52,0.55,0.72,0.64,0.69
spoon,0.0,0.01,0.02,0.02,0.03,0.04,0.05,0.13,0.18,0.215,0.30500000000000005,0.46,0.5,0.56,0.62,0.7,0.73,0.8,0.8,0.81,0.93,0.84,0.85
sprinkler,,,,,,,,,0.0,0.01,0.02,0.06,0.04,0.06,0.09,0.15,0.17,0.28,0.27,0.27,0.47,0.38,0.42
squirrel,0.01,0.01,0.0,0.01,0.01,0.03,0.02,0.04,0.045,0.08,0.11499999999999999,0.17,0.2,0.22,0.31,0.39,0.46,0.51,0.54,0.56,0.72,0.67,0.68
stairs,0.01,0.01,0.0,0.01,0.01,0.02,0.03,0.05,0.04,0.08,0.11499999999999999,0.17,0.18,0.24,0.33,0.42,0.45,0.54,0.58,0.61,0.81,0.66,0.72
stand,,,,,,,,,0.01,0.03,0.05,0.09,0.13,0.17,0.22,0.29,0.35,0.41,0.47,0.54,0.68,0.63,0.65
star,0.0,0.01,0.01,0.01,0.02,0.01,0.04,0.06,0.095,0.14500000000000002,0.2,0.3,0.3,0.44,0.46,0.53,0.61,0.68,0.67,0.73,0.85,0.8,0.83
stay,,,,,,,,,0.0,0.03,0.04,0.08,0.09,0.12,0.18,0.3,0.33,0.4,0.45,0.5,0.68,0.58,0.66
stick,,,,,,,,,0.05,0.06,0.11,0.19,0.19,0.22,0.33,0.41,0.48,0.55,0.57,0.64,0.79,0.68,0.69
sticky,,,,,,,,,0.03,0.04,0.06,0.11,0.12,0.14,0.21,0.27,0.33,0.42,0.43,0.46,0.66,0.61,0.63
stone,,,,,,,,,0.01,0.02,0.04,0.05,0.05,0.09,0.12,0.14,0.17,0.22,0.2,0.31,0.39,0.36,0.41
stop,0.0,0.02,0.01,0.02,0.03,0.05,0.05,0.11,0.08499999999999999,0.105,0.16999999999999998,0.24,0.28,0.37,0.44,0.53,0.59,0.7,0.72,0.74,0.88,0.81,0.85
store,0.0,0.01,0.0,0.01,0.02,0.03,0.03,0.04,0.03,0.055,0.08,0.19,0.22,0.26,0.35,0.4,0.47,0.59,0.64,0.64,0.84,0.72,0.73
story,,,,,,,,,0.02,0.05,0.09,0.16,0.17,0.22,0.31,0.37,0.48,0.52,0.55,0.58,0.78,0.69,0.76
stove,0.01,0.01,0.0,0.01,0.01,0.02,0.02,0.04,0.02,0.04,0.05,0.13,0.14,0.19,0.25,0.28,0.32,0.35,0.42,0.47,0.61,0.52,0.55
strawberry,,,,,,,,,0.07,0.09,0.15,0.22,0.23,0.35,0.4,0.5,0.56,0.59,0.64,0.66,0.79,0.76,0.8
street,,,,,,,,,0.01,0.03,0.05,0.1,0.13,0.17,0.23,0.3,0.38,0.45,0.48,0.53,0.75,0.62,0.67
stroller,0.01,0.01,0.01,0.01,0.01,0.01,0.03,0.06,0.055,0.085,0.13,0.19,0.19,0.23,0.26,0.41,0.47,0.54,0.55,0.6,0.79,0.62,0.7
stuck,,,,,,,,,0.03,0.07,0.08,0.15,0.19,0.21,0.23,0.33,0.39,0.43,0.46,0.54,0.71,0.61,0.62
sun,0.0,0.01,0.01,0.01,0.03,0.02,0.03,0.06,0.055,0.10500000000000001,0.135,0.26,0.3,0.4,0.46,0.52,0.6,0.71,0.7,0.76,0.87,0.81,0.84
sweater,0.01,0.01,0.01,0.02,0.01,0.01,0.01,0.03,0.075,0.095,0.09,0.21,0.27,0.32,0.34,0.45,0.44,0.46,0.48,0.53,0.64,0.63,0.67
sweep,,,,,,,,,0.01,0.04,0.06,0.1,0.12,0.15,0.24,0.28,0.33,0.41,0.41,0.47,0.67,0.57,0.59
swim,0.0,0.01,0.01,0.02,0.01,0.01,0.02,0.02,0.03,0.05,0.08,0.15,0.17,0.23,0.3,0.39,0.45,0.56,0.58,0.58,0.77,0.69,0.76
swing (action),0.0,0.01,0.0,0.02,0.01,0.01,0.02,0.04,0.08499999999999999,0.08,0.125,0.24,0.28,0.31,0.37,0.45,0.5,0.62,0.61,0.59,0.82,0.68,0.72
swing (object),0.0,0.01,0.0,0.01,0.02,0.02,0.02,0.05,0.11,0.15000000000000002,0.195,0.31,0.37,0.38,0.48,0.55,0.61,0.68,0.7,0.71,0.87,0.74,0.77
table,0.01,0.01,0.02,0.01,0.01,0.03,0.01,0.06,0.03,0.08,0.11,0.21,0.24,0.29,0.36,0.46,0.53,0.65,0.67,0.67,0.86,0.77,0.8
take,0.0,0.01,0.01,0.01,0.01,0.01,0.02,0.03,0.01,0.02,0.025,0.06,0.09,0.11,0.15,0.24,0.31,0.38,0.4,0.47,0.65,0.62,0.65
talk,,,,,,,,,0.01,0.03,0.06,0.11,0.12,0.12,0.2,0.27,0.34,0.44,0.46,0.52,0.73,0.66,0.7
tape,,,,,,,,,0.01,0.03,0.05,0.1,0.11,0.14,0.2,0.26,0.33,0.4,0.41,0.51,0.69,0.52,0.62
taste,,,,,,,,,0.01,0.02,0.02,0.06,0.07,0.09,0.14,0.19,0.22,0.29,0.33,0.4,0.58,0.48,0.55
teacher,0.0,0.01,0.01,0.01,0.01,0.02,0.01,0.03,0.01,0.03,0.04,0.07,0.09,0.12,0.14,0.2,0.24,0.32,0.34,0.39,0.52,0.54,0.58
tear,,,,,,,,,0.0,0.02,0.02,0.03,0.03,0.04,0.08,0.09,0.14,0.18,0.19,0.28,0.41,0.36,0.39
teddybear,0.01,0.01,0.01,0.02,0.04,0.06,0.06,0.13,0.12,0.135,0.19,0.26,0.28,0.29,0.38,0.47,0.51,0.58,0.64,0.65,0.82,0.71,0.74
telephone,0.0,0.01,0.01,0.01,0.02,0.04,0.05,0.14,0.125,0.17,0.225,0.36,0.4,0.52,0.57,0.64,0.68,0.77,0.77,0.78,0.92,0.86,0.85
thank you,0.01,0.02,0.04,0.04,0.08,0.13,0.17,0.27,0.32999999999999996,0.355,0.45499999999999996,0.61,0.61,0.67,0.75,0.78,0.8,0.89,0.86,0.9,0.95,0.94,0.96
that,0.01,0.01,0.01,0.04,0.04,0.07,0.09,0.2,0.16999999999999998,0.15500000000000003,0.185,0.22,0.26,0.26,0.35,0.39,0.44,0.52,0.55,0.59,0.76,0.65,0.7
the,,,,,,,,,0.02,0.04,0.04,0.08,0.08,0.1,0.16,0.19,0.26,0.29,0.38,0.44,0.62,0.51,0.61
their,,,,,,,,,0.0,0.02,0.01,0.02,0.02,0.02,0.03,0.05,0.06,0.08,0.11,0.18,0.25,0.24,0.27
them,,,,,,,,,0.0,0.01,0.01,0.03,0.03,0.03,0.06,0.08,0.09,0.14,0.19,0.24,0.33,0.3,0.34
then,,,,,,,,,0.0,0.02,0.01,0.02,0.02,0.02,0.03,0.08,0.07,0.08,0.16,0.2,0.27,0.28,0.33
there,0.0,0.01,0.02,0.02,0.02,0.02,0.03,0.04,0.04,0.055,0.09,0.11,0.14,0.21,0.23,0.35,0.4,0.45,0.51,0.59,0.75,0.65,0.69
these,,,,,,,,,0.02,0.03,0.04,0.05,0.08,0.08,0.11,0.15,0.18,0.25,0.31,0.35,0.48,0.41,0.44
they,,,,,,,,,0.0,0.02,0.01,0.02,0.03,0.02,0.04,0.08,0.1,0.12,0.18,0.23,0.34,0.35,0.4
think,,,,,,,,,0.0,0.02,0.02,0.03,0.02,0.03,0.06,0.1,0.11,0.16,0.21,0.25,0.4,0.37,0.44
thirsty,0.0,0.01,0.01,0.02,0.01,0.02,0.02,0.04,0.025,0.045,0.06,0.12,0.15,0.16,0.24,0.31,0.37,0.41,0.47,0.54,0.71,0.59,0.67
this,0.0,0.01,0.02,0.03,0.03,0.05,0.08,0.17,0.135,0.12000000000000001,0.175,0.21,0.23,0.24,0.33,0.36,0.42,0.48,0.55,0.53,0.74,0.6,0.66
this little piggy,,,,,,,,,0.03,0.04,0.07,0.14,0.13,0.14,0.19,0.26,0.32,0.42,0.41,0.43,0.65,0.49,0.56
those,,,,,,,,,0.01,0.02,0.02,0.04,0.05,0.04,0.06,0.1,0.14,0.16,0.18,0.25,0.4,0.35,0.4
throw,0.0,0.01,0.01,0.02,0.02,0.01,0.03,0.06,0.03,0.055,0.085,0.15,0.16,0.23,0.26,0.39,0.47,0.58,0.58,0.59,0.8,0.7,0.73
tickle,0.01,0.01,0.0,0.02,0.02,0.04,0.05,0.11,0.10500000000000001,0.12,0.18,0.26,0.25,0.26,0.36,0.46,0.52,0.63,0.62,0.63,0.82,0.73,0.75
tiger,0.01,0.01,0.01,0.01,0.02,0.02,0.04,0.06,0.07,0.095,0.14500000000000002,0.23,0.25,0.26,0.38,0.45,0.53,0.6,0.62,0.68,0.81,0.74,0.78
tights,,,,,,,,,0.0,0.02,0.02,0.03,0.05,0.04,0.11,0.12,0.13,0.17,0.19,0.24,0.3,0.25,0.29
time,,,,,,,,,0.0,0.02,0.02,0.04,0.05,0.05,0.08,0.11,0.11,0.14,0.19,0.22,0.37,0.33,0.39
tiny,,,,,,,,,0.0,0.02,0.02,0.03,0.04,0.06,0.07,0.15,0.17,0.16,0.22,0.26,0.39,0.39,0.43
tired,0.0,0.02,0.01,0.02,0.02,0.01,0.03,0.04,0.01,0.045,0.04,0.1,0.11,0.16,0.23,0.32,0.37,0.44,0.49,0.53,0.75,0.66,0.71
tissue/kleenex,,,,,,,,,0.02,0.05,0.08,0.14,0.2,0.27,0.29,0.38,0.45,0.55,0.56,0.58,0.79,0.63,0.69
to,,,,,,,,,0.01,0.03,0.03,0.06,0.05,0.09,0.12,0.2,0.25,0.3,0.37,0.44,0.59,0.53,0.6
toast,0.0,0.0,0.0,0.02,0.01,0.02,0.05,0.07,0.09,0.125,0.185,0.24,0.26,0.31,0.36,0.47,0.52,0.54,0.57,0.62,0.79,0.65,0.69
today,0.0,0.01,0.01,0.01,0.01,0.01,0.01,0.02,0.0,0.025,0.03,0.04,0.04,0.06,0.09,0.15,0.19,0.23,0.27,0.38,0.47,0.46,0.53
toe,0.01,0.01,0.01,0.02,0.03,0.04,0.07,0.14,0.14500000000000002,0.2,0.28500000000000003,0.42,0.42,0.51,0.56,0.59,0.66,0.74,0.73,0.78,0.9,0.81,0.82
tomorrow,0.0,0.01,0.02,0.02,0.01,0.01,0.01,0.02,0.0,0.02,0.025,0.05,0.07,0.08,0.09,0.15,0.19,0.23,0.29,0.39,0.48,0.44,0.51
tongue,0.0,0.01,0.0,0.01,0.02,0.02,0.03,0.07,0.060000000000000005,0.115,0.14,0.26,0.27,0.36,0.42,0.49,0.53,0.63,0.6,0.67,0.81,0.72,0.76
tonight,0.0,0.01,0.01,0.02,0.01,0.02,0.02,0.02,0.005,0.02,0.02,0.04,0.03,0.02,0.05,0.11,0.11,0.14,0.18,0.23,0.35,0.34,0.37
too,,,,,,,,,0.02,0.04,0.06,0.1,0.12,0.17,0.24,0.26,0.37,0.42,0.49,0.52,0.71,0.61,0.68
tooth,0.0,0.01,0.01,0.02,0.02,0.03,0.05,0.13,0.13,0.185,0.25,0.37,0.35,0.4,0.5,0.55,0.62,0.74,0.72,0.75,0.88,0.8,0.8
toothbrush,0.0,0.01,0.01,0.02,0.02,0.03,0.03,0.12,0.11499999999999999,0.15000000000000002,0.22,0.36,0.37,0.43,0.52,0.64,0.65,0.74,0.75,0.76,0.91,0.81,0.83
touch,0.0,0.01,0.0,0.02,0.01,0.01,0.02,0.04,0.025,0.045,0.06,0.12,0.13,0.15,0.21,0.31,0.35,0.44,0.44,0.53,0.71,0.65,0.7
towel,0.0,0.01,0.01,0.01,0.01,0.02,0.02,0.04,0.055,0.09,0.12,0.24,0.26,0.32,0.43,0.49,0.55,0.66,0.67,0.69,0.88,0.76,0.78
toy (object),0.01,0.02,0.04,0.04,0.04,0.05,0.06,0.12,0.115,0.15000000000000002,0.2,0.36,0.41,0.46,0.5,0.59,0.66,0.75,0.78,0.8,0.91,0.87,0.9
tractor,,,,,,,,,0.07,0.08,0.12,0.18,0.22,0.25,0.33,0.38,0.45,0.48,0.52,0.52,0.71,0.6,0.62
train,0.02,0.02,0.02,0.02,0.03,0.04,0.03,0.1,0.11499999999999999,0.18,0.235,0.36,0.47,0.46,0.55,0.66,0.76,0.79,0.82,0.81,0.93,0.87,0.9
trash,0.0,0.01,0.01,0.02,0.02,0.04,0.03,0.06,0.060000000000000005,0.1,0.135,0.26,0.3,0.28,0.41,0.43,0.44,0.55,0.52,0.62,0.75,0.59,0.63
tray,,,,,,,,,0.0,0.02,0.02,0.05,0.04,0.06,0.08,0.12,0.12,0.13,0.16,0.2,0.31,0.22,0.3
tree,0.0,0.02,0.01,0.04,0.04,0.03,0.07,0.12,0.19,0.21,0.29500000000000004,0.43,0.47,0.59,0.58,0.7,0.75,0.79,0.8,0.86,0.93,0.87,0.86
tricycle,,,,,,,,,0.01,0.02,0.03,0.05,0.08,0.07,0.13,0.16,0.19,0.25,0.26,0.28,0.46,0.31,0.38
truck,0.01,0.01,0.0,0.03,0.05,0.06,0.07,0.2,0.26,0.28,0.38,0.52,0.56,0.59,0.67,0.74,0.78,0.85,0.85,0.86,0.95,0.89,0.89
try/try to,,,,,,,,,0.0,0.03,0.04,0.06,0.06,0.1,0.14,0.22,0.27,0.29,0.35,0.4,0.53,0.5,0.58
tummy,0.01,0.01,0.01,0.03,0.03,0.04,0.06,0.11,0.11,0.16999999999999998,0.23500000000000001,0.39,0.4,0.44,0.54,0.64,0.67,0.79,0.77,0.77,0.91,0.83,0.84
tuna,,,,,,,,,0.01,0.03,0.04,0.05,0.04,0.05,0.11,0.15,0.15,0.18,0.21,0.25,0.4,0.26,0.33
turkey,0.01,0.01,0.01,0.01,0.01,0.02,0.02,0.02,0.035,0.055,0.06,0.14,0.17,0.16,0.22,0.27,0.31,0.39,0.43,0.41,0.63,0.48,0.53
turn around,,,,,,,,,0.02,0.05,0.05,0.11,0.13,0.16,0.19,0.3,0.36,0.44,0.45,0.53,0.68,0.59,0.66
turtle,0.01,0.01,0.01,0.01,0.02,0.02,0.04,0.06,0.10500000000000001,0.14500000000000002,0.20500000000000002,0.33,0.33,0.36,0.42,0.57,0.6,0.68,0.68,0.68,0.84,0.8,0.82
uh oh,0.05,0.07,0.13,0.18,0.24,0.39,0.43,0.54,0.73,0.68,0.775,0.87,0.87,0.89,0.88,0.88,0.9,0.93,0.9,0.93,0.97,0.91,0.89
uncle,0.0,0.01,0.02,0.01,0.02,0.02,0.03,0.05,0.035,0.065,0.095,0.14,0.16,0.18,0.28,0.34,0.4,0.46,0.48,0.5,0.67,0.59,0.65
under,0.0,0.0,0.0,0.02,0.02,0.01,0.02,0.03,0.01,0.03,0.04,0.07,0.09,0.12,0.15,0.26,0.3,0.4,0.44,0.48,0.66,0.6,0.65
underpants,,,,,,,,,0.01,0.02,0.03,0.05,0.1,0.1,0.14,0.2,0.24,0.29,0.4,0.43,0.58,0.55,0.53
up,0.02,0.02,0.04,0.07,0.09,0.12,0.12,0.26,0.30500000000000005,0.355,0.43,0.53,0.51,0.59,0.61,0.66,0.7,0.77,0.76,0.74,0.9,0.82,0.83
us,,,,,,,,,0.0,0.01,0.01,0.02,0.02,0.01,0.05,0.07,0.07,0.11,0.13,0.17,0.25,0.26,0.3
vacuum,0.01,0.01,0.0,0.02,0.01,0.02,0.02,0.04,0.045,0.07,0.11,0.2,0.24,0.3,0.34,0.38,0.46,0.54,0.58,0.62,0.77,0.67,0.69
vagina*,,,,,,,,,0.02,0.04,0.06,0.09,0.1,0.11,0.15,0.17,0.2,0.22,0.25,0.26,0.38,0.37,0.39
vanilla,,,,,,,,,0.0,0.01,0.02,0.04,0.02,0.05,0.05,0.08,0.11,0.14,0.18,0.23,0.34,0.28,0.37
vitamins,,,,,,,,,0.02,0.03,0.05,0.09,0.11,0.13,0.19,0.17,0.26,0.36,0.39,0.42,0.57,0.45,0.5
vroom,0.02,0.06,0.04,0.1,0.14,0.17,0.23,0.37,0.44,0.445,0.525,0.57,0.57,0.61,0.6,0.69,0.7,0.75,0.71,0.7,0.86,0.72,0.74
wait,0.0,0.01,0.0,0.01,0.01,0.02,0.02,0.03,0.025,0.045,0.065,0.12,0.13,0.15,0.23,0.31,0.35,0.43,0.42,0.55,0.69,0.65,0.71
wake,,,,,,,,,0.0,0.02,0.02,0.08,0.06,0.13,0.16,0.22,0.3,0.37,0.43,0.47,0.67,0.59,0.64
walk,0.0,0.01,0.01,0.02,0.01,0.02,0.03,0.07,0.07500000000000001,0.11499999999999999,0.16,0.29,0.31,0.35,0.45,0.53,0.59,0.68,0.67,0.67,0.86,0.76,0.78
walker,,,,,,,,,0.0,0.02,0.01,0.02,0.02,0.03,0.05,0.07,0.08,0.09,0.08,0.16,0.21,0.18,0.18
wanna/want to,0.0,0.02,0.0,0.02,0.02,0.03,0.03,0.06,0.05,0.07500000000000001,0.09,0.12,0.17,0.21,0.26,0.38,0.4,0.49,0.56,0.62,0.77,0.7,0.75
was,,,,,,,,,0.0,0.02,0.02,0.03,0.01,0.02,0.05,0.07,0.09,0.11,0.17,0.23,0.34,0.32,0.38
wash,0.0,0.01,0.0,0.02,0.01,0.01,0.02,0.05,0.035,0.07,0.115,0.2,0.24,0.28,0.37,0.44,0.52,0.64,0.63,0.63,0.84,0.7,0.76
washing machine,,,,,,,,,0.0,0.04,0.06,0.1,0.1,0.14,0.19,0.3,0.28,0.32,0.36,0.4,0.58,0.53,0.64
watch (action),0.0,0.01,0.01,0.01,0.01,0.0,0.02,0.04,0.025,0.02,0.05,0.1,0.12,0.18,0.23,0.32,0.36,0.43,0.47,0.53,0.71,0.63,0.69
watch (object),0.0,0.02,0.0,0.01,0.02,0.01,0.02,0.06,0.05,0.07500000000000001,0.1,0.21,0.2,0.23,0.29,0.37,0.4,0.5,0.53,0.53,0.77,0.59,0.63
water (beverage),0.01,0.01,0.03,0.05,0.08,0.12,0.13,0.23,0.265,0.35,0.45499999999999996,0.54,0.58,0.64,0.66,0.77,0.8,0.84,0.85,0.89,0.94,0.89,0.9
water (not beverage),0.0,0.02,0.01,0.02,0.03,0.05,0.06,0.14,0.2,0.225,0.29000000000000004,0.41,0.53,0.55,0.58,0.69,0.72,0.8,0.76,0.83,0.94,0.83,0.89
we,,,,,,,,,0.0,0.03,0.02,0.03,0.04,0.04,0.1,0.09,0.13,0.19,0.22,0.35,0.41,0.39,0.45
were,,,,,,,,,0.0,0.02,0.02,0.02,0.01,0.02,0.02,0.04,0.05,0.07,0.11,0.16,0.23,0.21,0.27
wet,0.01,0.01,0.0,0.01,0.02,0.02,0.02,0.07,0.060000000000000005,0.095,0.13,0.27,0.32,0.4,0.42,0.54,0.59,0.7,0.73,0.72,0.89,0.79,0.82
what,0.0,0.01,0.01,0.03,0.03,0.04,0.07,0.11,0.11499999999999999,0.12000000000000001,0.13,0.21,0.24,0.25,0.38,0.43,0.47,0.56,0.58,0.7,0.79,0.73,0.78
when,0.0,0.01,0.0,0.02,0.01,0.02,0.02,0.02,0.0,0.02,0.02,0.02,0.02,0.03,0.03,0.06,0.07,0.11,0.18,0.24,0.3,0.29,0.39
where,0.0,0.01,0.0,0.02,0.01,0.02,0.02,0.04,0.04,0.07,0.08,0.12,0.14,0.17,0.27,0.39,0.42,0.48,0.52,0.61,0.76,0.68,0.71
which,,,,,,,,,0.0,0.02,0.02,0.02,0.02,0.02,0.02,0.04,0.06,0.08,0.11,0.12,0.19,0.23,0.26
white,,,,,,,,,0.01,0.03,0.04,0.09,0.11,0.15,0.22,0.33,0.35,0.39,0.44,0.51,0.67,0.65,0.66
who,0.0,0.01,0.02,0.03,0.02,0.02,0.03,0.04,0.03,0.04,0.045,0.05,0.09,0.09,0.14,0.18,0.22,0.27,0.32,0.44,0.55,0.49,0.58
why,0.0,0.01,0.01,0.01,0.02,0.02,0.03,0.04,0.02,0.045,0.055,0.11,0.12,0.13,0.18,0.25,0.25,0.31,0.4,0.5,0.54,0.59,0.58
will,,,,,,,,,0.0,0.02,0.02,0.03,0.03,0.04,0.06,0.08,0.09,0.13,0.19,0.23,0.36,0.35,0.41
wind,,,,,,,,,0.02,0.04,0.07,0.13,0.14,0.19,0.23,0.34,0.36,0.47,0.45,0.53,0.69,0.61,0.66
window,0.01,0.0,0.01,0.02,0.02,0.01,0.02,0.07,0.035,0.065,0.07500000000000001,0.16,0.18,0.23,0.27,0.33,0.42,0.52,0.58,0.65,0.81,0.7,0.7
windy,,,,,,,,,0.02,0.04,0.04,0.1,0.11,0.11,0.14,0.28,0.31,0.38,0.4,0.45,0.6,0.55,0.61
wipe,0.0,0.01,0.0,0.01,0.01,0.01,0.02,0.04,0.03,0.05,0.07,0.14,0.13,0.21,0.26,0.33,0.41,0.44,0.48,0.5,0.7,0.65,0.66
wish,,,,,,,,,0.0,0.02,0.01,0.02,0.02,0.03,0.03,0.05,0.07,0.09,0.11,0.16,0.24,0.23,0.29
with,,,,,,,,,0.0,0.02,0.02,0.05,0.04,0.05,0.13,0.17,0.23,0.27,0.35,0.4,0.58,0.5,0.58
wolf,,,,,,,,,0.02,0.04,0.04,0.08,0.09,0.1,0.13,0.2,0.23,0.29,0.32,0.34,0.54,0.44,0.49
woods,,,,,,,,,0.0,0.02,0.01,0.03,0.02,0.04,0.05,0.08,0.09,0.12,0.14,0.2,0.26,0.23,0.27
woof woof,0.03,0.04,0.05,0.1,0.17,0.23,0.31,0.44,0.53,0.575,0.65,0.74,0.73,0.77,0.77,0.79,0.84,0.88,0.85,0.9,0.94,0.89,0.9
work (action),,,,,,,,,0.02,0.03,0.06,0.13,0.15,0.18,0.23,0.34,0.39,0.46,0.51,0.51,0.76,0.59,0.68
work (place),0.0,0.02,0.0,0.01,0.01,0.02,0.02,0.05,0.035,0.055,0.1,0.16,0.21,0.22,0.3,0.39,0.48,0.57,0.61,0.63,0.81,0.69,0.73
would,,,,,,,,,0.0,0.02,0.02,0.02,0.02,0.01,0.03,0.03,0.04,0.06,0.07,0.12,0.16,0.16,0.23
write,0.0,0.01,0.0,0.01,0.01,0.01,0.02,0.04,0.01,0.015,0.025,0.09,0.09,0.16,0.17,0.21,0.25,0.37,0.33,0.44,0.6,0.51,0.55
yard,,,,,,,,,0.01,0.03,0.04,0.08,0.09,0.11,0.16,0.19,0.25,0.34,0.38,0.43,0.57,0.48,0.52
yellow,,,,,,,,,0.05,0.08,0.11,0.23,0.25,0.29,0.36,0.45,0.53,0.59,0.6,0.69,0.78,0.75,0.78
yes,0.02,0.02,0.04,0.04,0.09,0.14,0.17,0.25,0.315,0.4,0.48,0.6,0.61,0.75,0.79,0.79,0.83,0.9,0.9,0.9,0.95,0.94,0.94
yesterday,,,,,,,,,0.0,0.02,0.01,0.02,0.02,0.01,0.03,0.06,0.08,0.1,0.12,0.17,0.27,0.25,0.32
yogurt,,,,,,,,,0.08,0.15,0.21,0.31,0.33,0.37,0.45,0.55,0.61,0.62,0.65,0.67,0.76,0.75,0.84
you,0.0,0.01,0.02,0.02,0.03,0.03,0.03,0.06,0.065,0.07500000000000001,0.115,0.2,0.24,0.27,0.35,0.43,0.47,0.57,0.63,0.7,0.82,0.78,0.8
your,0.0,0.01,0.0,0.02,0.01,0.01,0.02,0.02,0.005,0.025,0.02,0.04,0.04,0.05,0.08,0.13,0.17,0.23,0.27,0.29,0.49,0.44,0.51
yourself,,,,,,,,,0.0,0.01,0.01,0.01,0.02,0.0,0.02,0.04,0.05,0.06,0.09,0.12,0.2,0.15,0.22
yucky,0.01,0.02,0.01,0.04,0.03,0.04,0.06,0.09,0.16,0.165,0.255,0.37,0.37,0.41,0.45,0.56,0.57,0.68,0.67,0.66,0.83,0.73,0.76
yum yum,0.06,0.1,0.09,0.17,0.21,0.25,0.28,0.34,0.485,0.45999999999999996,0.55,0.59,0.59,0.63,0.56,0.68,0.74,0.74,0.75,0.74,0.86,0.8,0.81
zebra,,,,,,,,,0.04,0.08,0.1,0.17,0.2,0.21,0.29,0.38,0.45,0.51,0.53,0.56,0.73,0.64,0.7
zipper,0.01,0.01,0.01,0.02,0.02,0.01,0.03,0.03,0.03,0.060000000000000005,0.08499999999999999,0.2,0.21,0.24,0.33,0.4,0.48,0.53,0.55,0.58,0.73,0.65,0.69
zoo,0.01,0.02,0.01,0.02,0.02,0.02,0.03,0.03,0.02,0.05,0.065,0.13,0.13,0.23,0.26,0.27,0.35,0.44,0.44,0.52,0.68,0.55,0.6
